Title,Geek Rating,Avg rating,Num of voters,Price,Year,Complexity,Min players,Max players,Min time,Max time,Age,Type 1,Type 2
Rise to Nobility,6.196,6.97,1995,34.00,2018,3.30,1,6,25,150,14,Strategy,N/A
Neta-Tanka: Deluxe Edition,6.196,7.18,1468,N/A,2019,2.82,1,5,60,90,14,Strategy,N/A
Rush M.D.,6.196,7.48,1158,43.80,2020,2.38,1,4,30,45,14,Family,N/A
Dice Throne: Season Two – Tactician v. Huntress,6.196,7.8,945,N/A,2018,2.27,2,2,20,40,8,N/A,N/A
Relic,6.195,6.76,3321,89.86,2013,2.47,2,4,60,120,14,Thematic,N/A
Rear Window,6.195,7.5,1102,17.29,2022,1.59,3,5,40,40,13,Family,N/A
Cthulhu Realms,6.194,6.69,3225,N/A,2015,2.08,2,4,25,45,14,Strategy,N/A
Risk: Europe,6.194,7.4,1534,73.95,2015,2.70,2,4,45,180,14,Wargames,N/A
Vaalbara,6.194,7.25,1402,N/A,2022,1.71,2,5,20,20,10,Family,N/A
Village Green,6.194,6.96,1901,N/A,2020,1.90,1,5,30,30,14,Family,Strategy
Atlantic Chase: The Kriegsmarine Against the Home Fleet 1939-1942,6.194,8.4,716,98.00,2021,3.28,1,2,30,120,14,Wargames,N/A
Picture Perfect,6.194,7.02,1729,34.25,2020,1.84,2,4,50,90,10,Family,N/A
Archaeology: The Card Game,6.193,6.66,3214,N/A,2007,1.34,2,4,20,20,8,Family,N/A
Ascension: Realms Unraveled,6.193,7.51,1152,N/A,2014,2.16,1,4,30,30,13,Strategy,N/A
Thunderstone Advance: Numenera,6.193,7.26,1362,109.99,2013,2.74,1,5,60,90,12,Strategy,Thematic
Kolejka,6.193,6.66,3753,N/A,2011,2.03,2,5,60,60,12,Family,N/A
Bios: Genesis,6.193,7.11,1658,N/A,2016,4.38,1,4,60,120,12,Thematic,N/A
Hamster Roll,6.192,6.81,2258,70.45,2000,1.07,2,4,30,40,7,Family,N/A
Show Manager,6.192,6.99,1801,N/A,1996,2.09,2,6,60,60,10,Family,Strategy
Boss Monster 2: The Next Level,6.192,6.71,3785,21.22,2015,1.84,2,4,20,30,13,Family,Strategy
Harbour,6.192,6.49,5170,N/A,2015,2.07,1,4,30,60,10,Family,Strategy
Cutthroat Caverns,6.192,6.52,5034,N/A,2007,2.08,3,6,90,90,12,Thematic,N/A
Castellion,6.192,6.9,2069,N/A,2015,2.09,1,2,30,30,10,Strategy,N/A
Assassin's Creed: Brotherhood of Venice,6.192,8.36,933,47.27,2021,3.10,1,4,30,90,12,N/A,N/A
You're Bluffing!,6.192,6.57,4272,N/A,1985,1.63,3,5,45,45,10,Family,N/A
Rommel in the Desert,6.19,7.55,1071,89.98,1982,3.40,2,2,150,150,12,Wargames,N/A
Warhammer Underworlds: Nightvault,6.19,7.74,992,N/A,2018,2.47,2,2,30,60,12,Thematic,Wargames
Chronicles of Crime: 2400,6.19,7.73,1131,34.58,2021,2.00,1,4,60,90,12,Thematic,N/A
Pit,6.19,6.38,9387,14.99,1903,1.16,3,8,30,90,7,Family,Party
Beyond Baker Street,6.189,6.82,2189,27.49,2016,2.17,2,4,30,30,10,Family,N/A
Race! Formula 90,6.189,7.93,876,N/A,2013,3.51,2,6,90,270,14,Strategy,Thematic
Serenissima,6.189,6.86,2307,N/A,1996,3.04,2,4,120,120,12,Strategy,N/A
Taco Cat Goat Cheese Pizza,6.189,6.62,4886,9.84,2018,1.02,2,8,10,30,8,Party,N/A
Horus Heresy,6.188,7.05,1718,N/A,2010,3.77,2,2,135,135,13,Thematic,Wargames
Fast Sloths,6.188,7.1,1509,N/A,2019,2.16,2,5,45,45,8,Family,N/A
Spades,6.188,6.79,2486,N/A,1938,2.02,4,4,60,60,10,Family,N/A
Gaslands: Post-Apocalyptic Vehicular Combat,6.188,8.07,825,N/A,2017,2.60,2,8,45,90,11,Thematic,Wargames
Set & Match,6.187,7.39,1180,N/A,2017,1.15,2,4,15,30,7,Family,N/A
Riff Raff,6.187,6.92,1944,N/A,2012,1.19,2,4,30,30,8,Family,N/A
The Hanging Gardens,6.187,6.78,2320,N/A,2008,1.94,2,4,45,45,8,Family,N/A
HeroQuest Advanced Quest,6.187,7.31,1695,N/A,1990,2.18,2,5,90,90,10,Thematic,N/A
Dungeon Mayhem: Monster Madness,6.187,7.48,1284,24.99,2020,1.13,2,6,10,10,8,N/A,N/A
Sorcerer,6.187,7.57,1545,44.00,2019,2.91,2,4,30,90,14,Customizable,Strategy
Ribbit,6.186,6.77,2682,N/A,2004,1.09,2,5,20,20,5,Children's,Family
Um Reifenbreite,6.186,6.79,2374,N/A,1979,1.96,2,4,60,90,8,Family,Strategy
Townsfolk Tussle,6.186,7.66,1120,N/A,2022,2.68,2,5,40,200,14,Family,Wargames
Legends of Andor: The Last Hope,6.185,7.85,954,39.95,2017,3.17,2,4,60,90,10,Thematic,N/A
KeyForge: Worlds Collide,6.184,7.47,1192,N/A,2019,3.03,2,2,15,45,N/A,Customizable,Strategy
Pathfinder Adventure Card Game: Wrath of the Righteous – Base Set,6.184,7.46,1183,37.49,2015,3.05,1,4,120,120,13,Customizable,Thematic
Conquest of the Empire,6.184,6.73,3056,N/A,2005,3.07,2,6,180,240,10,Thematic,Wargames
Terra,6.183,6.8,2266,N/A,2014,1.50,2,6,45,45,10,Family,N/A
Mafia de Cuba,6.183,6.53,4289,N/A,2015,1.47,6,12,10,20,10,Party,N/A
Hornet Leader: Carrier Air Operations,6.183,7.88,923,69.99,2010,2.83,1,1,60,60,12,Wargames,N/A
Fun Facts,6.182,7.06,1583,17.49,2022,1.06,4,8,30,30,8,Party,N/A
2 de Mayo,6.182,6.88,1978,N/A,2008,2.17,2,2,20,20,12,Strategy,Wargames
Red Outpost,6.181,6.94,1985,27.95,2019,2.50,1,4,30,60,10,Strategy,N/A
Star Trek Panic,6.181,6.97,1872,95.00,2016,2.00,1,6,90,90,13,Thematic,Wargames
Keltis,6.181,6.42,6432,42.00,2008,1.64,2,4,30,30,10,Family,N/A
The Thing: Infection at Outpost 31,6.181,7.25,1652,79.98,2017,2.33,4,8,60,120,17,Thematic,N/A
Bob Ross: Art of Chill Game,6.18,6.75,2635,24.36,2017,1.73,2,4,30,30,12,Family,N/A
Silver,6.18,7.05,1726,24.95,2019,1.79,2,4,30,60,8,Family,N/A
Compounded,6.18,6.71,2777,N/A,2013,2.42,2,5,30,90,13,Strategy,N/A
Dice Throne: Season Two – Seraph v. Vampire Lord,6.18,7.84,886,24.99,2018,2.09,2,2,20,40,8,N/A,N/A
Guilds of London,6.179,6.79,2287,38.99,2016,3.04,1,4,45,90,10,Strategy,N/A
MicroMacro: Crime City – All In,6.179,7.94,791,35.34,2022,1.17,1,4,15,45,12,Family,Thematic
Funfair,6.179,7.43,1143,32.20,2021,2.15,2,4,30,60,14,N/A,N/A
Bravo!,6.179,7.23,1334,N/A,2019,1.80,1,6,20,20,8,Family,N/A
Lotus,6.179,6.68,2953,29.99,2016,1.46,2,4,30,30,8,Family,N/A
Impulse,6.179,6.81,2145,N/A,2013,3.04,2,6,30,60,13,Strategy,N/A
Catan Histories: Settlers of America – Trails to Rails,6.178,6.78,2469,69.99,2010,2.68,3,4,120,120,12,Strategy,N/A
Balderdash,6.178,6.47,6202,50.00,1984,1.41,2,6,60,60,12,Party,N/A
Tiny Epic Defenders (Second Edition),6.178,7.02,1719,22.49,2018,2.02,1,4,30,60,14,Strategy,N/A
Marvel Dice Masters: Age of Ultron,6.178,7.18,1406,22.98,2015,2.46,2,2,60,60,14,Customizable,N/A
March of the Ants,6.178,7.18,1499,N/A,2015,2.68,1,5,60,90,13,Strategy,N/A
Exit: The Game – Theft on the Mississippi,6.177,7.12,1454,14.95,2019,2.75,1,4,45,90,12,Thematic,N/A
City of Horror,6.177,6.68,3113,N/A,2012,2.43,3,6,90,90,13,Thematic,N/A
Too Many Bones: Unbreakable,6.177,8.89,524,N/A,2023,3.78,1,4,60,180,12,N/A,N/A
Stop Thief!,6.176,6.97,1839,N/A,2017,1.50,1,4,30,60,10,Family,N/A
The Dresden Files Cooperative Card Game,6.176,7.0,1842,34.03,2017,2.16,1,5,30,30,13,Thematic,N/A
Covert,6.176,7.06,1600,90.00,2016,3.00,2,4,45,90,13,Strategy,N/A
Four Against Darkness,6.176,7.51,1547,13.24,2016,2.08,1,1,45,75,N/A,Thematic,N/A
Lifeboats,6.176,6.58,3626,N/A,1993,1.78,3,6,90,90,12,Family,Strategy
Razzia!,6.175,6.86,1995,N/A,2004,1.97,2,5,45,45,12,Family,Strategy
Palastgeflüster,6.175,6.78,2378,N/A,2007,1.65,3,5,45,45,10,Family,N/A
Lignum (Second Edition),6.174,7.67,911,N/A,2017,4.14,2,4,90,120,12,Strategy,N/A
Hearts,6.174,6.5,4501,N/A,1850,1.75,3,7,30,30,8,Family,N/A
Dragonwood,6.174,6.58,4499,16.90,2015,1.34,2,4,20,20,8,Family,N/A
DungeonQuest,6.173,6.76,2834,N/A,1985,1.92,1,4,20,60,10,Thematic,N/A
Ardennes '44: The Battle of the Bulge,6.173,8.01,807,N/A,2003,3.68,2,2,360,360,12,Wargames,N/A
My City: Roll & Build,6.173,7.15,1437,19.93,2022,1.46,1,6,30,30,10,Family,N/A
Shadows of Brimstone: Forbidden Fortress,6.173,8.55,725,109.85,2018,3.58,1,4,120,120,12,Thematic,N/A
XenoShyft: Dreadmire,6.173,7.2,1392,25.00,2017,2.62,1,4,30,60,14,Strategy,Thematic
Kepler-3042,6.172,7.29,1291,N/A,2016,3.42,1,4,60,120,14,Strategy,Thematic
PUSH,6.171,6.84,2093,N/A,2018,1.02,2,6,20,25,8,Family,Party
City of Spies: Estoril 1942,6.171,7.01,1689,N/A,2015,2.48,2,4,45,60,10,Family,Strategy
"Warriors of God: The Wars of England & France, 1135-1453",6.171,7.41,1102,N/A,2008,2.61,2,2,180,180,12,Wargames,N/A
Bot Factory,6.171,7.48,1109,N/A,2023,2.64,1,4,30,60,14,Family,Strategy
System Gateway (fan expansion for Android: Netrunner),6.171,9.22,509,N/A,2021,3.38,2,2,45,45,N/A,Customizable,N/A
That's Not a Hat,6.171,7.14,1423,N/A,2023,1.00,3,8,15,15,8,Party,N/A
Fuji Flush,6.171,6.61,3226,N/A,2016,1.05,3,8,10,20,7,Family,N/A
Hunt for the Ring,6.17,7.13,1566,42.11,2017,3.14,2,5,90,180,13,Thematic,N/A
Wings of War: Watch Your Back!,6.17,6.99,1800,N/A,2005,1.71,2,4,20,20,10,Thematic,Wargames
Perikles,6.17,6.88,1896,95.00,2006,3.28,3,5,120,120,13,Strategy,N/A
Stars of Akarios,6.169,8.1,876,89.99,2022,2.88,1,4,30,120,13,Thematic,N/A
Whirling Witchcraft,6.168,7.19,1425,39.99,2021,1.83,2,5,15,30,14,Family,N/A
Time's Up! Deluxe,6.168,7.47,1023,N/A,2008,1.31,4,18,60,60,13,Party,N/A
Jórvík,6.168,6.8,2259,N/A,2016,2.39,2,5,45,90,10,Strategy,N/A
Elasund: The First City,6.168,6.59,3319,N/A,2005,2.73,2,4,60,90,10,Strategy,N/A
Quartermaster General: 1914,6.167,7.58,993,46.50,2016,2.65,2,5,90,120,12,Wargames,N/A
Quests of Valeria,6.167,6.9,1893,24.97,2017,2.19,1,5,20,45,14,Family,Strategy
Cube Quest,6.166,6.81,2171,N/A,2013,1.10,2,2,15,15,8,Family,N/A
The Flow of History,6.166,6.76,2294,N/A,2016,2.55,2,5,60,90,12,Strategy,N/A
Inkognito,6.166,6.6,3384,N/A,1988,2.16,3,5,90,90,10,Family,N/A
Teenage Mutant Ninja Turtles: Shadows of the Past,6.166,7.38,1305,99.98,2016,2.74,2,5,60,90,14,Thematic,N/A
Joraku,6.166,7.16,1359,N/A,2015,2.17,3,4,30,60,12,Strategy,N/A
Once Upon a Time: The Storytelling Card Game,6.166,6.38,8856,27.82,1993,1.37,2,6,30,30,8,Party,Thematic
Claim 2,6.165,6.97,1781,N/A,2018,1.57,2,2,25,25,10,Family,N/A
Legendary: Buffy The Vampire Slayer,6.164,7.52,1082,42.26,2017,2.17,1,5,30,60,14,Thematic,N/A
Kariba,6.164,7.01,1715,N/A,2010,1.07,2,4,15,15,6,Family,N/A
Fighting Formations: Grossdeutschland Motorized Infantry Division,6.164,7.61,999,N/A,2011,3.26,2,2,180,180,N/A,Wargames,N/A
Ragusa,6.164,6.95,1752,N/A,2019,2.72,1,5,40,80,12,Strategy,N/A
Medium,6.164,6.92,1976,18.70,2019,1.08,2,8,30,45,14,Party,N/A
FITS,6.164,6.58,3255,N/A,2009,1.39,1,4,45,45,8,Abstract,Family
World War II: Barbarossa to Berlin,6.164,7.28,1294,N/A,2002,3.53,2,2,420,420,14,Wargames,N/A
Seas of Strife,6.164,7.29,1167,14.99,2015,1.16,3,6,45,45,10,Family,N/A
1754: Conquest – The French and Indian War,6.163,7.73,885,80.00,2017,2.38,2,4,60,120,10,Wargames,N/A
DungeonQuest (Third Edition),6.163,6.64,3333,N/A,2010,2.17,1,4,90,90,13,Thematic,N/A
Sail to India,6.163,6.67,2637,N/A,2013,2.21,3,4,60,60,14,Strategy,N/A
Dice Throne: Santa v. Krampus,6.163,8.1,753,N/A,2022,2.00,2,6,20,40,8,N/A,N/A
The Chameleon,6.162,6.56,4478,19.79,2017,1.05,3,8,15,15,14,Party,N/A
Escape from Colditz,6.162,6.68,3368,N/A,1973,2.23,2,6,180,180,12,Thematic,N/A
The Princes of Machu Picchu,6.162,6.95,1695,118.39,2008,3.10,2,5,90,90,12,Strategy,N/A
Heart of Crown,6.162,7.61,1073,N/A,2011,2.56,2,4,30,60,12,Strategy,N/A
Agents of SMERSH,6.162,6.97,1681,N/A,2012,2.46,1,4,90,90,13,Thematic,N/A
Duel of Ages II,6.162,7.34,1237,N/A,2013,3.41,2,8,150,150,12,Thematic,N/A
Ticket to Ride: First Journey (Europe),6.162,7.01,1719,56.61,2017,1.57,2,4,15,30,6,Children's,N/A
Sails of Glory,6.162,7.51,1145,N/A,2013,2.93,2,4,45,45,13,Wargames,N/A
The Builders: Middle Ages,6.161,6.48,4521,20.00,2013,1.79,2,4,30,30,10,Family,N/A
LUNA Capital,6.16,7.16,1421,34.97,2021,2.26,1,4,45,45,8,Family,N/A
Glüx,6.16,7.08,1447,N/A,2016,1.59,2,4,30,45,8,Abstract,N/A
Bosk,6.159,6.87,2001,24.48,2019,2.07,2,4,20,40,13,Abstract,N/A
Shamans,6.159,6.96,1778,24.99,2021,1.86,3,5,30,60,10,Family,N/A
Wealth of Nations,6.159,6.92,1807,175.00,2008,3.60,3,6,120,120,13,Strategy,N/A
Flatline,6.159,7.08,1463,19.99,2017,2.32,1,5,25,45,10,Strategy,N/A
Break the Code,6.159,7.11,1474,14.99,2017,1.68,2,4,15,15,10,Family,N/A
Alea Iacta Est,6.159,6.63,2763,N/A,2009,1.91,2,5,60,60,9,Family,Strategy
American Rails,6.159,7.4,1048,N/A,2009,2.85,3,5,90,90,14,Strategy,N/A
Custom Heroes,6.158,6.8,2164,N/A,2017,1.63,2,6,45,45,14,Family,N/A
Valletta,6.158,6.97,1616,37.34,2017,2.35,2,4,40,80,10,Strategy,N/A
Rival Restaurants,6.158,7.6,1402,N/A,2019,2.20,2,6,45,60,10,Family,N/A
Codenames: Deep Undercover,6.157,6.58,3496,N/A,2016,1.32,4,8,15,15,18,Party,N/A
Subbuteo,6.157,6.99,1817,N/A,1947,1.80,2,2,20,20,6,Family,Thematic
Master of Orion: The Board Game,6.156,6.96,1808,34.99,2016,2.46,2,4,40,60,12,Strategy,N/A
Yunnan,6.156,7.11,1401,N/A,2013,3.24,2,5,90,90,12,Strategy,N/A
1870: Railroading Across the Trans Mississippi from 1870,6.156,7.45,1056,299.99,1992,4.19,2,6,360,360,14,Strategy,N/A
Dungeon Twister 2: Prison,6.156,7.27,1230,N/A,2009,3.24,1,2,60,60,10,Strategy,N/A
Tanto Cuore,6.156,6.88,2211,51.89,2009,2.16,2,4,45,45,13,Strategy,N/A
Timeline Challenge,6.155,7.03,1530,N/A,2015,1.29,2,10,30,30,10,Family,N/A
Anomia: Party Edition,6.155,7.09,1578,25.99,2013,1.02,3,6,30,30,10,Party,N/A
Zombie 15',6.154,6.8,2176,39.99,2014,2.22,2,4,15,15,14,Thematic,N/A
Circus Flohcati,6.153,6.63,2911,N/A,1998,1.23,2,5,15,15,6,Family,N/A
Royal Visit,6.153,6.71,2492,24.08,2006,1.66,2,2,20,30,12,Family,Strategy
Terra Nova,6.152,7.23,1343,34.16,2022,2.85,2,4,60,90,12,Strategy,N/A
Heroscape Master Set:  Battle for the Underdark,6.152,7.51,1057,N/A,2010,2.48,2,2,60,60,8,Thematic,N/A
Origins: First Builders,6.152,7.07,1500,40.69,2021,3.31,1,4,60,120,14,Strategy,N/A
Space Cadets,6.152,6.55,3375,N/A,2012,2.74,3,6,60,120,8,Thematic,N/A
Take it Easy!,6.152,6.6,3170,39.99,1983,1.48,1,8,20,20,10,Abstract,Family
Pastiche,6.152,6.81,2100,N/A,2011,2.25,2,4,45,60,10,Family,N/A
Machi Koro 2,6.152,7.16,1405,29.95,2021,1.46,2,5,45,45,10,Family,N/A
High Frontier (Third Edition),6.152,8.2,693,224.99,2017,4.70,1,5,120,240,14,Strategy,Thematic
Gloom,6.151,6.32,15617,N/A,2005,1.63,2,5,60,60,13,Thematic,N/A
Isla Dorada,6.151,6.71,2515,N/A,2010,2.17,3,6,60,60,10,Family,N/A
Mall of Horror,6.151,6.62,3020,N/A,2005,1.94,3,6,60,60,14,Thematic,N/A
Urban Sprawl,6.151,6.77,2104,36.03,2011,3.31,2,4,180,180,12,Strategy,N/A
Great Plains,6.15,7.15,1351,N/A,2021,1.76,2,2,20,20,10,Abstract,Family
Dungeon Alliance,6.15,7.51,1102,N/A,2018,3.70,1,4,60,180,12,Thematic,N/A
Nuns on the Run,6.15,6.49,4102,N/A,2010,2.08,2,8,45,45,10,Family,N/A
Castaways,6.15,6.95,1747,N/A,2010,3.01,1,4,120,120,14,Thematic,N/A
Aliens: Another Glorious Day in the Corps,6.15,7.42,1373,49.25,2020,2.82,1,6,60,120,14,Thematic,N/A
Telestrations After Dark,6.149,7.06,1685,28.80,2015,1.00,4,8,20,30,17,Party,N/A
Pathfinder Adventure Card Game: Core Set,6.149,7.72,1014,N/A,2019,3.08,1,4,90,90,13,Thematic,N/A
Dimension,6.149,6.85,1968,24.49,2014,1.37,1,4,30,30,8,Family,N/A
City of Iron: Second Edition,6.149,7.23,1225,N/A,2016,3.16,2,4,120,120,13,Strategy,N/A
Time of Legends: Joan of Arc,6.149,7.91,1255,269.99,2019,3.49,2,4,45,90,14,Thematic,Wargames
Wreck Raiders,6.148,7.37,1198,39.37,2019,2.45,1,5,45,45,10,Family,N/A
Ecosystem,6.148,7.11,1472,16.99,2019,1.52,2,6,15,20,10,Family,N/A
Hermagor,6.148,6.9,1813,40.94,2006,3.18,2,5,90,120,12,Strategy,N/A
Drum Roll,6.148,6.87,1853,N/A,2011,3.04,2,4,90,90,12,Strategy,N/A
Andor: The Family Fantasy Game,6.148,7.32,1214,34.95,2020,1.89,2,4,30,45,7,Children's,Family
Scrabble,6.148,6.27,31828,19.99,1948,2.07,2,4,90,90,10,Family,N/A
Catan: Junior,6.148,6.61,3338,27.99,2011,1.50,2,4,30,30,6,Children's,Family
Alubari: A Nice Cup of Tea,6.147,7.21,1252,48.14,2019,3.02,1,5,45,120,10,Strategy,N/A
Oltre Mare,6.147,6.64,2754,34.99,2004,2.51,2,5,60,60,12,Strategy,N/A
Florenza,6.147,7.38,1064,N/A,2010,3.74,2,5,90,120,14,Strategy,N/A
Good Cop Bad Cop,6.147,6.57,3282,N/A,2014,1.26,4,8,10,20,12,Party,N/A
"Mr. President: The American Presidency, 2001-2020",6.146,8.54,654,149.99,2023,4.25,1,1,360,600,N/A,Thematic,Wargames
Victory in the Pacific,6.146,7.23,1301,N/A,1977,2.38,2,2,300,300,12,Wargames,N/A
Monster Lands,6.146,7.19,1387,45.00,2018,3.32,1,4,60,120,12,Strategy,N/A
Campaign Manager 2008,6.146,6.64,2709,N/A,2009,2.21,2,2,30,45,13,Strategy,N/A
Frostgrave,6.145,8.1,853,27.44,2015,2.75,2,8,60,120,12,Thematic,Wargames
Marvel Villainous: Infinite Power,6.144,6.82,2488,31.49,2020,2.69,2,4,40,80,12,Strategy,N/A
Monster Slaughter,6.144,7.24,1647,N/A,2018,2.14,2,5,45,60,14,Thematic,N/A
Court of the Dead: Mourners Call,6.144,7.65,1038,N/A,2019,2.95,2,5,90,90,14,Strategy,Thematic
Bottom of the 9th,6.143,6.72,2439,17.99,2015,1.71,1,2,5,20,13,Thematic,N/A
DC Deck-Building Game: Forever Evil,6.143,7.23,1381,33.69,2014,2.46,2,5,45,75,15,Thematic,N/A
Confusion: Espionage and Deception in the Cold War,6.143,7.06,1386,N/A,1992,2.41,2,2,30,45,12,Abstract,N/A
We the People,6.142,7.31,1144,N/A,1993,2.70,2,2,120,120,12,Wargames,N/A
DungeonQuest: Revised Edition,6.142,7.1,1529,N/A,2014,2.01,1,4,60,60,14,Thematic,N/A
Carcassonne: Star Wars,6.142,6.69,2515,N/A,2015,1.63,2,5,35,35,7,Family,N/A
Gaslands: Refuelled,6.142,8.29,673,N/A,2019,2.63,2,8,45,90,11,Thematic,Wargames
Codenames: Disney – Family Edition,6.142,6.63,2941,35.00,2017,1.20,2,8,15,15,8,Family,Party
A Game of Thrones: Catan – Brotherhood of the Watch,6.142,7.13,1637,60.99,2017,2.56,3,4,60,75,14,Strategy,N/A
Unmatched: Buffy the Vampire Slayer,6.141,7.6,1030,44.95,2020,2.00,2,4,20,40,14,Family,Strategy
Dungeon Universalis,6.141,8.76,852,N/A,2019,4.30,1,6,60,180,12,Thematic,N/A
1882: Assiniboia,6.141,8.11,637,N/A,2019,3.96,2,6,120,180,14,N/A,N/A
Rum & Bones,6.14,6.89,1884,N/A,2015,2.33,2,6,60,60,14,Thematic,N/A
Ohne Furcht und Adel Sonderausgabe,6.14,7.03,1586,N/A,2012,2.37,2,7,60,60,10,N/A,N/A
Inca Empire,6.14,7.01,1465,129.99,2010,3.14,3,4,90,120,12,Strategy,N/A
Dynasties: Heirate & Herrsche,6.14,7.2,1214,N/A,2016,3.00,3,5,60,90,12,Strategy,N/A
Bohnanza: 25th Anniversary Edition,6.14,7.63,922,N/A,2022,1.53,2,7,45,45,10,N/A,N/A
Mini Rails,6.14,6.91,1629,51.95,2017,2.10,3,5,40,60,13,Strategy,N/A
Cinque Terre,6.139,7.05,1435,N/A,2013,2.35,2,5,60,60,13,Family,Strategy
Conquest of Paradise,6.139,6.96,1613,N/A,2007,2.49,1,4,90,90,12,Strategy,N/A
BattleCON: Fate of Indines,6.139,7.85,796,54.99,2015,3.29,2,2,30,60,10,Strategy,N/A
Flesh and Blood,6.138,8.06,825,94.95,2019,3.52,2,2,10,50,N/A,Customizable,N/A
The Adventurers: The Pyramid of Horus,6.138,6.8,2092,N/A,2011,1.75,2,6,45,45,13,Family,Thematic
Time of Soccer,6.138,7.6,904,N/A,2014,3.23,1,4,120,120,12,Strategy,N/A
3 Ring Circus,6.138,7.4,1099,N/A,2023,2.61,1,4,45,75,N/A,Strategy,N/A
The Fox Experiment,6.138,7.33,1117,N/A,2023,2.33,1,4,60,60,10,N/A,N/A
The Edge: Dawnfall,6.138,8.22,820,319.95,2018,3.06,1,4,60,90,14,Thematic,Wargames
Wings of War: Deluxe Set,6.137,7.28,1190,N/A,2007,2.01,2,4,45,45,N/A,Thematic,Wargames
Thunder & Lightning,6.137,7.17,1252,N/A,2016,1.83,2,2,40,40,13,Strategy,N/A
Kingdomino Duel,6.137,6.74,2214,22.88,2019,1.51,2,2,20,20,8,Family,N/A
Android: Infiltration,6.137,6.52,3719,84.99,2012,2.10,2,6,30,45,14,Thematic,N/A
Rise and Decline of the Third Reich,6.137,6.95,2023,N/A,1974,4.33,2,6,240,720,14,Wargames,N/A
Founders of Gloomhaven,6.137,6.61,3103,49.95,2018,4.11,1,4,90,120,12,Strategy,N/A
League of Six,6.137,6.79,1946,55.00,2007,2.89,3,5,75,120,12,Strategy,N/A
Skat,6.136,7.26,1233,N/A,1810,3.09,3,3,30,30,10,Strategy,N/A
Last Night on Earth: Timber Peak,6.136,7.6,975,53.03,2012,2.63,2,6,90,90,12,Thematic,N/A
Aeon's End: Legacy of Gravehold,6.136,8.11,673,65.60,2021,3.55,1,4,60,60,14,Customizable,Strategy
Excavation Earth,6.136,7.21,1288,55.00,2021,3.78,1,4,30,120,14,Strategy,N/A
Metro,6.136,6.37,6197,59.99,1997,1.69,2,6,30,30,8,Family,Strategy
Sunset Over Water,6.136,6.97,1626,24.99,2018,1.68,1,4,20,20,8,Family,N/A
Amsterdam,6.136,7.83,778,N/A,2022,3.46,1,4,60,120,12,Strategy,N/A
Dragonheart,6.135,6.5,3614,N/A,2010,1.36,2,2,30,30,13,Family,N/A
Il Vecchio,6.135,6.91,1666,64.95,2012,2.62,2,4,60,60,10,Strategy,N/A
Pericles: The Peloponnesian Wars,6.135,7.86,829,80.00,2017,4.30,1,4,45,360,12,Wargames,N/A
Capital Lux 2: Generations,6.135,7.68,827,N/A,2020,2.25,1,4,15,40,10,Strategy,N/A
Chronicle,6.135,6.82,1922,N/A,2009,1.96,3,6,30,30,12,Family,Strategy
Pente,6.135,6.64,3054,N/A,1977,2.10,2,4,30,30,8,Abstract,N/A
Copycat,6.134,6.7,2241,N/A,2012,2.70,2,4,95,95,12,Strategy,N/A
The Grizzled: Armistice Edition,6.134,7.72,836,50.00,2018,2.38,1,4,45,45,14,Thematic,N/A
Panic on Wall Street!,6.134,6.99,1526,N/A,2011,1.66,3,11,30,30,8,Party,N/A
Days of Ire: Budapest 1956,6.134,7.29,1152,44.99,2016,2.79,1,4,60,90,10,Strategy,Wargames
Enemy Action: Ardennes,6.134,8.55,600,160.88,2015,4.24,1,2,60,900,N/A,Wargames,N/A
Werewolf,6.134,6.48,4664,N/A,1986,1.39,8,24,60,60,8,Party,N/A
On the Underground: London/Berlin,6.134,7.21,1187,N/A,2019,2.33,2,5,45,60,14,Strategy,N/A
Around the World in 80 Days,6.133,6.55,3278,N/A,2004,1.81,2,6,50,70,10,Family,N/A
Mandala Stones,6.133,6.92,1713,19.60,2021,1.81,2,4,30,30,10,Abstract,N/A
The Ark of the Covenant,6.133,6.95,1583,N/A,2003,1.92,2,5,30,30,8,Family,N/A
Iron Dragon,6.133,7.02,1656,N/A,1994,2.93,2,6,240,240,12,Strategy,N/A
Mythic Mischief,6.133,7.61,981,144.98,2022,2.51,1,4,45,90,14,Abstract,N/A
Mantis Falls,6.133,7.25,1287,34.99,2021,2.67,2,3,60,90,14,Thematic,N/A
Epic Spell Wars of the Battle Wizards: Duel at Mt. Skullzfyre,6.132,6.45,6505,27.39,2012,1.57,2,6,30,30,15,Party,Thematic
Long Shot,6.132,6.72,2276,N/A,2009,1.75,3,8,60,60,10,Family,N/A
BattleTech: Introductory Box Set,6.132,7.64,932,N/A,2002,3.55,2,6,120,120,14,Thematic,Wargames
GoodCritters,6.13,7.03,1467,20.08,2018,1.47,4,8,30,45,12,Party,N/A
Bandido,6.13,6.44,5309,12.99,2016,1.11,1,4,10,15,6,Family,N/A
Taboo,6.13,6.3,12629,29.99,1989,1.20,4,10,20,20,12,Party,N/A
Drako: Dragon & Dwarves,6.13,6.67,2610,N/A,2011,1.77,2,2,30,30,8,Strategy,Thematic
"Run, Fight, or Die!",6.129,6.83,1940,N/A,2014,1.95,1,4,40,40,13,Thematic,N/A
Kero,6.129,7.09,1432,19.68,2018,1.98,2,2,30,30,9,Family,N/A
Life of the Amazonia,6.128,8.2,679,N/A,2023,2.96,1,4,60,150,14,Strategy,N/A
Tsukuyumi: Full Moon Down,6.128,7.86,936,79.95,2018,3.82,3,5,90,180,12,Strategy,N/A
Don't Get Got!,6.128,7.01,1477,N/A,2018,1.07,2,10,30,1440,14,Party,N/A
Hues and Cues,6.128,6.61,3166,20.99,2020,1.10,3,10,30,30,8,Family,Party
Deckscape: Test Time,6.127,6.6,2643,14.34,2017,1.59,1,6,30,90,12,Party,Thematic
The Grand Carnival,6.127,7.57,883,N/A,2020,2.24,1,4,45,60,12,Family,N/A
20th Century,6.127,6.83,1789,40.69,2010,2.99,3,5,120,120,13,Strategy,N/A
Nine Tiles Panic,6.127,6.96,1526,N/A,2019,1.24,2,5,20,20,7,Family,N/A
Shadowrift,6.127,7.21,1288,N/A,2012,2.71,1,6,45,120,14,Thematic,N/A
Samarkand: Routes to Riches,6.126,6.87,1722,N/A,2010,2.26,2,5,45,45,8,Family,Strategy
Super Dungeon Explore,6.126,6.73,2660,N/A,2011,2.73,2,6,120,120,10,Strategy,N/A
Nightfall,6.126,6.48,3950,22.43,2011,2.63,2,5,45,45,12,Strategy,N/A
The Ravens of Thri Sahashri,6.126,7.11,1316,N/A,2013,3.41,2,2,45,45,12,Thematic,N/A
Unicorn Fever,6.125,7.03,1520,N/A,2020,2.28,2,6,40,40,14,Family,N/A
Cuzco,6.125,7.44,995,48.00,2018,2.59,2,4,90,90,12,Strategy,N/A
Sylla,6.124,6.72,2132,N/A,2008,3.11,3,4,60,90,12,Strategy,N/A
Oasis,6.124,6.7,2216,N/A,2004,2.32,3,5,60,60,10,Strategy,N/A
Cathedral,6.124,6.54,3581,53.51,1978,1.79,2,2,20,20,8,Abstract,N/A
1944: Race to the Rhine,6.124,7.21,1207,N/A,2014,2.94,1,3,90,90,14,Strategy,Wargames
Fortress America,6.124,6.72,2513,249.99,1986,2.64,2,4,180,180,12,Thematic,Wargames
Dice Throne: Season One ReRolled – Barbarian v. Moon Elf,6.124,7.58,910,29.99,2021,1.92,2,2,20,40,8,N/A,N/A
Chicken Cha Cha Cha,6.124,6.57,3244,N/A,1997,1.12,2,4,15,20,4,Children's,N/A
Atlantic Star,6.123,6.85,1783,N/A,2001,2.14,2,6,60,60,10,Family,Strategy
Village Rails,6.123,7.32,1042,N/A,2022,2.14,2,4,45,45,14,Family,Strategy
The King's Guild,6.123,7.06,1438,N/A,2018,2.35,1,6,60,120,14,Strategy,N/A
Unlock!: Legendary Adventures,6.123,7.57,866,31.81,2021,2.18,1,6,60,60,10,N/A,N/A
My First Stone Age,6.122,6.64,2638,35.95,2016,1.12,2,4,15,15,5,Children's,N/A
Waste Knights: Second Edition,6.122,7.58,1056,78.16,2021,3.00,1,4,90,180,14,Thematic,N/A
The Great Split,6.122,7.14,1240,41.03,2022,1.96,2,7,45,45,8,Family,N/A
"Crusade and Revolution: The Spanish Civil War, 1936-1939",6.122,8.6,567,N/A,2013,3.30,2,2,180,480,14,Wargames,N/A
Illuminati,6.121,6.47,5165,39.95,1987,2.66,2,6,60,180,12,Strategy,Thematic
Code 777,6.12,6.73,2091,N/A,1985,2.32,2,5,60,60,10,Abstract,Family
Tiny Epic Mechs,6.12,6.74,2358,21.98,2019,2.51,1,4,30,60,14,Strategy,N/A
Dual Powers: Revolution 1917,6.119,7.44,988,99.95,2018,2.24,1,2,30,60,13,Strategy,N/A
Thunderstone Advance: Worlds Collide,6.119,7.73,813,99.99,2014,2.80,1,5,60,60,12,Strategy,Thematic
Dreamscape,6.119,7.35,1160,N/A,2019,3.18,1,4,60,90,10,Strategy,N/A
Bohnanza: The Duel,6.119,6.89,1680,N/A,2016,2.05,2,2,45,45,12,Family,N/A
Now Boarding,6.118,7.03,1382,N/A,2018,2.17,2,5,30,60,10,Family,N/A
Word on the Street,6.118,6.62,2613,53.70,2009,1.35,2,10,20,20,12,Party,N/A
Exploding Kittens: Party Pack,6.117,7.11,1694,N/A,2017,1.05,2,10,15,15,7,Party,N/A
Warhammer Quest: Silver Tower,6.117,7.43,1251,249.95,2016,2.34,2,4,60,120,14,Thematic,N/A
Iron Curtain,6.117,7.09,1318,11.99,2017,2.12,2,2,20,30,10,Strategy,Wargames
Mythotopia,6.117,6.79,1861,58.09,2014,3.09,2,4,60,60,13,Strategy,N/A
Gods Love Dinosaurs,6.117,7.0,1467,51.88,2020,2.21,2,5,30,45,10,Family,N/A
Catapult Feud,6.117,7.1,1341,35.00,2021,1.10,2,2,20,30,7,Family,N/A
To Court the King,6.117,6.45,4012,N/A,2006,1.73,2,5,45,45,10,Family,Strategy
Poison,6.116,6.45,4101,N/A,2005,1.19,3,6,30,30,8,Family,N/A
Tournament at Avalon,6.116,7.37,1035,24.99,2020,2.40,3,6,45,45,14,Strategy,N/A
Villa Paletti,6.116,6.42,4291,N/A,2001,1.16,2,4,30,30,8,Family,N/A
Astro Knights,6.116,7.84,752,45.76,2023,2.68,1,4,45,45,14,N/A,N/A
Aqualin,6.116,6.97,1539,24.95,2020,1.57,2,2,20,20,10,Abstract,N/A
Star Wars Customizable Card Game,6.115,6.74,2418,N/A,1995,3.17,2,2,60,60,9,Customizable,N/A
Godzilla: Tokyo Clash,6.115,7.25,1367,24.88,2020,2.29,2,4,45,45,10,Thematic,Wargames
War Room,6.115,8.26,734,N/A,2019,3.47,2,6,120,360,14,Wargames,N/A
Orbis,6.115,6.63,2543,15.77,2018,2.04,2,4,45,45,10,Strategy,N/A
Lost Legacy: The Starship,6.115,6.59,2690,N/A,2013,1.27,2,4,10,10,10,Family,N/A
Ta Yü,6.114,6.95,1538,125.00,1999,2.07,2,4,30,45,10,Abstract,N/A
Ancient Knowledge,6.114,7.29,1151,47.89,2023,2.65,2,4,75,75,12,Strategy,N/A
River Dragons,6.114,6.5,3611,N/A,2000,1.72,2,6,30,30,8,Family,N/A
Village Attacks,6.114,7.4,1208,N/A,2018,2.60,1,5,30,180,14,Thematic,N/A
Wings of War: Burning Drachens,6.114,7.12,1352,N/A,2005,1.96,1,2,20,20,10,Thematic,Wargames
Horse Fever,6.114,6.94,1628,N/A,2009,2.37,2,6,90,90,10,Strategy,N/A
Magnum Sal,6.114,6.99,1489,N/A,2010,2.93,2,4,60,120,10,Strategy,N/A
Monasterium,6.114,7.38,1027,N/A,2020,3.23,2,4,60,120,12,Strategy,N/A
Mini Express,6.113,7.33,1052,N/A,2021,2.32,1,5,30,45,8,Strategy,N/A
Era of Tribes,6.113,7.95,789,N/A,2019,4.20,1,4,60,180,14,Strategy,N/A
Tower of Babel,6.113,6.64,2400,N/A,2005,2.33,3,5,45,45,10,Strategy,N/A
1822: The Railways of Great Britain,6.113,8.17,597,N/A,2016,4.43,3,7,300,420,12,Strategy,N/A
Kokoro: Avenue of the Kodama,6.112,6.73,2026,26.97,2017,1.51,1,8,15,15,14,Family,N/A
Heimlich & Co.,6.112,6.46,3802,15.95,1984,1.48,2,7,30,30,8,Family,N/A
Autobahn,6.112,7.11,1351,47.44,2022,3.81,1,4,90,150,14,Strategy,N/A
Police Precinct,6.112,6.85,1750,N/A,2013,2.57,1,6,90,90,13,Thematic,N/A
Lords of Scotland,6.112,6.76,2026,N/A,2010,1.93,2,5,35,35,12,Family,Strategy
Seize the Bean,6.111,7.58,890,N/A,2021,2.80,1,4,45,90,10,N/A,N/A
Greed,6.111,6.64,2336,N/A,2014,2.01,2,5,30,30,10,Strategy,N/A
Crusader Rex,6.111,7.15,1231,68.49,2005,2.91,2,2,180,180,12,Wargames,N/A
Welcome to New Las Vegas,6.111,6.77,1931,42.87,2020,2.85,1,50,35,35,10,Family,Strategy
A Fistful of Meeples,6.11,7.12,1248,N/A,2019,1.95,2,4,30,30,14,Family,Strategy
Richard III: The Wars of the Roses,6.11,7.4,982,69.98,2009,2.63,2,2,120,120,12,Wargames,N/A
Unlock! Kids: Detective Stories,6.11,7.76,737,N/A,2021,1.64,1,4,20,60,6,Children's,N/A
OddVille,6.11,6.76,1961,N/A,2012,2.36,2,4,30,60,10,Strategy,N/A
Phantom Ink,6.109,7.44,947,19.56,2022,1.16,4,8,10,15,13,Party,N/A
Valdora,6.109,6.79,1987,44.99,2009,2.28,3,5,60,60,10,Family,N/A
Sea of Clouds,6.109,6.66,2451,N/A,2016,1.72,2,4,45,45,10,Family,N/A
Piece o' Cake,6.109,6.63,2398,N/A,2008,1.36,2,5,20,20,8,Family,N/A
Wild: Serengeti,6.108,7.04,1471,N/A,2022,2.58,1,4,45,120,14,Family,Strategy
Funkenschlag,6.108,7.57,897,N/A,2001,3.56,2,6,180,180,12,Strategy,N/A
The World of SMOG: Rise of Moloch,6.108,7.72,950,82.99,2018,2.91,2,5,45,90,14,Thematic,N/A
Pick Picknic,6.108,6.58,2728,N/A,2001,1.19,2,6,20,20,8,Family,N/A
New Amsterdam,6.108,7.04,1333,N/A,2012,3.23,2,5,90,90,12,Strategy,N/A
King's Forge,6.108,6.94,1635,N/A,2014,2.28,2,4,45,60,14,Family,N/A
Shogun no Katana,6.107,7.9,770,N/A,2023,3.68,1,4,60,180,14,Strategy,N/A
Conquest of Planet Earth: The Space Alien Game,6.107,6.86,1693,64.99,2010,2.23,1,4,30,90,12,Thematic,N/A
Red November,6.107,6.29,8051,N/A,2008,2.07,1,8,60,120,13,Strategy,N/A
Sleeping Queens,6.107,6.49,4470,7.49,2005,1.06,2,5,20,20,8,Children's,Family
"Machi Koro: Bright Lights, Big City",6.107,6.64,2700,N/A,2016,1.86,2,5,30,30,10,Family,N/A
Hellapagos,6.107,6.61,2923,24.94,2017,1.34,3,12,20,20,8,Party,N/A
Evenfall,6.106,7.9,716,N/A,2023,2.90,1,4,60,120,14,N/A,N/A
El Gaucho,6.106,6.79,1794,N/A,2014,2.23,2,4,60,60,10,Family,Strategy
District Noir,6.105,7.0,1449,14.99,2016,1.29,2,2,10,20,10,Abstract,Family
Kingsport Festival,6.105,6.66,2392,35.15,2014,2.61,3,5,90,90,12,Strategy,Thematic
"Gandhi: The Decolonization of British India, 1917 – 1947",6.105,8.01,677,169.95,2019,4.18,1,4,90,240,14,Wargames,N/A
Mage Wars Academy,6.105,7.11,1318,15.95,2015,3.06,2,2,30,30,14,Customizable,N/A
Rumble Nation,6.105,7.42,917,N/A,2017,1.87,2,4,20,40,10,Strategy,N/A
Dungeon Fighter: Second Edition,6.104,7.48,943,29.50,2021,1.75,1,6,45,60,8,Family,Party
Unlock!: Secret Adventures – A Noside Story,6.104,7.02,1291,N/A,2018,2.53,1,6,60,60,10,Family,Thematic
Shadow Kingdoms of Valeria,6.103,7.69,797,42.70,2021,2.61,1,5,30,75,14,Strategy,N/A
"Air, Land, & Sea: Spies, Lies, & Supplies",6.103,7.88,702,17.99,2022,1.90,2,4,15,30,14,Strategy,Wargames
PÜNCT,6.103,6.8,1818,N/A,2005,2.73,2,2,30,30,10,Abstract,N/A
Assyria,6.102,6.82,1750,29.99,2009,2.99,2,4,45,90,12,Strategy,N/A
Age of Conan: The Strategy Board Game,6.102,6.66,2661,N/A,2009,3.27,2,4,90,90,12,Strategy,Thematic
Ascension: Darkness Unleashed,6.102,7.39,1011,24.99,2013,2.31,1,2,30,30,13,Strategy,N/A
The Napoleonic Wars (Second Edition),6.102,7.46,946,N/A,2008,3.40,2,5,240,240,N/A,Wargames,N/A
Money!,6.102,6.54,2899,N/A,1999,1.54,3,5,30,30,10,Family,N/A
Quirky Circuits,6.101,7.18,1125,N/A,2019,1.76,2,4,15,30,7,Family,N/A
Warmachine Prime Mk II,6.101,7.76,798,N/A,2010,3.73,2,4,60,60,12,Thematic,Wargames
Pandemic: Rapid Response,6.1,6.58,2748,14.99,2019,2.13,2,4,20,20,8,Family,N/A
Bullet⭐,6.1,8.15,630,28.76,2022,2.00,1,4,15,15,13,N/A,N/A
Alien Artifacts,6.099,6.56,2768,19.48,2017,2.94,2,5,60,60,10,Strategy,N/A
300: Earth & Water,6.099,7.43,954,53.48,2018,2.31,2,2,40,40,12,Wargames,N/A
Kluster,6.099,6.68,2289,25.00,2018,1.02,1,4,10,20,14,Family,N/A
Escape the Dark Sector,6.099,7.61,1172,44.79,2020,2.00,1,4,20,60,N/A,Thematic,N/A
Comanchería: The Rise and Fall of the Comanche Empire,6.099,7.99,679,N/A,2016,4.15,1,1,60,360,14,Wargames,N/A
Crypt,6.099,6.58,2871,N/A,2018,1.50,1,4,20,35,14,Family,Strategy
Deep Rock Galactic: The Board Game,6.098,8.36,775,N/A,2022,2.74,1,4,60,150,12,N/A,N/A
Hera and Zeus,6.098,6.49,3429,N/A,2000,2.05,2,2,30,30,12,Strategy,N/A
That's Life!,6.098,6.48,3351,N/A,2005,1.32,2,6,30,30,8,Family,N/A
"Edel, Stein & Reich",6.098,6.9,1521,N/A,2003,2.07,3,5,60,60,9,Strategy,N/A
Caesar & Cleopatra,6.097,6.4,4586,N/A,1997,1.91,2,2,60,60,10,Strategy,N/A
Asante,6.096,6.83,1667,N/A,2013,2.00,2,2,40,40,10,Family,Strategy
Krazy Wordz: Nicht 100% jugendfrei,6.096,7.27,1049,N/A,2016,1.07,3,7,45,45,16,Party,N/A
Bristol 1350,6.096,6.91,1692,34.98,2021,1.57,1,9,20,40,13,Party,N/A
Enchanters,6.096,7.08,1325,N/A,2016,1.90,2,4,30,60,14,Family,N/A
Ancient Terrible Things,6.096,6.75,2018,N/A,2013,2.08,2,4,60,60,14,Thematic,N/A
Arena: The Contest,6.095,8.54,930,N/A,2019,2.80,1,8,45,90,14,Thematic,N/A
Modern Art Card Game,6.095,6.63,2262,N/A,2008,1.64,2,5,20,30,8,Family,N/A
Marvel Dice Throne: Scarlet Witch v. Thor v. Loki v. Spider-Man,6.095,7.76,780,38.20,2022,2.55,2,4,20,40,N/A,N/A,N/A
Zapotec,6.095,7.22,1088,43.99,2022,3.04,1,4,60,75,12,Strategy,N/A
Kneipenquiz: Das Original,6.095,7.4,919,N/A,2016,1.50,3,6,30,40,12,Party,N/A
Monza,6.094,6.62,2457,24.99,2000,1.05,2,6,10,15,5,Children's,N/A
Loot,6.094,6.3,6661,N/A,1992,1.37,2,8,20,20,10,Family,N/A
The Name of the Rose,6.094,6.85,1647,N/A,2008,2.37,2,5,75,75,10,Family,N/A
Micropolis,6.094,6.8,1751,N/A,2018,1.78,2,6,30,30,8,Family,N/A
Helios,6.094,6.72,1892,51.99,2014,2.87,2,4,60,60,10,Strategy,N/A
Safranito,6.093,6.89,1518,N/A,2010,1.73,2,4,30,45,10,Family,N/A
Space Explorers,6.093,6.96,1565,25.00,2017,2.26,2,4,20,40,10,Family,N/A
Blockers!,6.093,6.64,2191,N/A,2007,1.69,2,5,30,40,8,Abstract,N/A
The Great War,6.093,7.74,807,N/A,2015,2.68,2,2,60,60,N/A,Wargames,N/A
Blitz Bowl,6.093,7.79,779,N/A,2018,2.18,2,2,30,60,8,Strategy,Thematic
Powerboats,6.092,6.7,1900,N/A,2008,1.69,2,6,60,60,9,Family,Strategy
Lawyer Up,6.092,6.92,1503,N/A,2021,2.66,1,2,60,75,13,Thematic,N/A
R-Eco,6.091,6.62,2273,N/A,2003,1.48,2,5,30,30,10,Family,N/A
Victorian Masterminds,6.091,6.88,1667,N/A,2019,2.15,2,4,45,60,14,Family,Strategy
Fate of the Elder Gods,6.091,7.24,1085,N/A,2017,2.85,1,4,30,90,13,Strategy,N/A
El Capitán,6.09,6.76,1811,N/A,2007,2.92,2,5,75,75,10,Strategy,N/A
Boss Monster: The Dungeon Building Card Game,6.09,6.27,16681,30.96,2013,1.85,2,4,30,30,13,Family,N/A
Happy Pigs,6.09,6.79,1747,N/A,2013,2.31,2,6,30,45,8,Family,Strategy
Zona: The Secret of Chernobyl,6.09,7.38,1179,N/A,2019,2.78,1,4,120,180,18,Thematic,N/A
"Silent Victory: U.S. Submarines in the Pacific, 1941-45",6.089,7.97,806,N/A,2016,2.84,1,2,120,180,12,Wargames,N/A
Tokyo Highway,6.089,6.66,2246,N/A,2016,1.47,2,2,30,50,8,Family,N/A
Key to the City: London,6.089,7.01,1292,34.99,2016,2.83,2,6,90,120,14,Strategy,N/A
Freshwater Fly,6.089,7.19,1175,49.99,2019,2.43,1,4,40,90,14,Strategy,N/A
Cheating Moth,6.089,6.42,4679,16.99,2011,1.16,3,5,30,30,7,Party,N/A
The Game: Face to Face,6.089,7.1,1165,N/A,2017,1.24,2,2,20,20,8,Family,N/A
The Lord of the Rings Trading Card Game,6.088,7.0,1560,N/A,2001,2.95,2,6,45,45,12,Customizable,N/A
Exit: The Game – The House of Riddles,6.088,6.86,1558,14.97,2017,1.61,1,4,45,90,10,Thematic,N/A
Versailles 1919,6.087,7.51,864,84.01,2020,2.95,1,4,60,120,13,Strategy,Wargames
18CZ,6.086,7.71,729,N/A,2017,4.25,2,6,250,250,12,Strategy,N/A
Bamboo,6.086,7.36,1028,N/A,2023,2.88,2,4,90,110,14,Family,Strategy
Sobek,6.086,6.62,2344,N/A,2010,1.84,2,4,40,40,8,Family,N/A
Caesar's Empire,6.086,7.24,1022,48.47,2022,1.52,2,5,30,60,10,Family,N/A
Company of Heroes,6.085,8.61,638,N/A,2021,3.05,2,4,60,120,14,Wargames,N/A
Oros,6.085,7.38,996,43.75,2023,3.25,1,4,60,120,14,Strategy,N/A
Avenue,6.085,6.84,1585,N/A,2016,1.39,1,10,15,15,8,Family,N/A
Twixt,6.085,6.6,2557,117.79,1962,2.49,2,4,30,30,12,Abstract,N/A
Dungeons & Dragons: Conquest of Nerath Board Game,6.085,6.93,1608,N/A,2011,2.64,2,4,120,240,12,Thematic,N/A
Mercado de Lisboa,6.084,6.59,2546,80.54,2021,2.06,1,4,30,45,8,Family,N/A
Overbooked,6.084,7.02,1349,N/A,2018,1.97,1,4,20,40,8,Family,N/A
Ceylon,6.083,6.99,1346,N/A,2018,2.39,2,4,60,60,10,Strategy,N/A
Flying Colors,6.083,7.58,883,N/A,2003,3.03,1,4,240,240,12,Wargames,N/A
Würfel Bohnanza,6.083,6.64,2168,N/A,2012,1.30,2,5,45,45,10,Family,N/A
Ascension Tactics: Miniatures Deckbuilding Game,6.083,8.03,674,49.55,2022,2.50,1,4,45,90,10,N/A,N/A
P.I.,6.083,6.7,1955,N/A,2012,2.25,2,5,45,60,13,Family,N/A
G.I. JOE Deck-Building Game,6.083,7.61,860,35.30,2021,2.60,1,4,30,70,13,Thematic,N/A
Zombie Dice,6.082,6.23,18213,32.44,2010,1.10,2,99,10,20,10,Party,N/A
Kreta,6.082,6.94,1409,N/A,2005,2.66,2,4,60,60,11,Strategy,N/A
Discordia,6.082,7.49,898,N/A,2022,2.92,1,4,60,90,12,N/A,N/A
Risk: The Lord of the Rings Trilogy Edition,6.082,6.56,3865,118.98,2003,2.36,2,4,180,180,9,Thematic,N/A
Successors (Fourth Edition),6.082,8.09,653,108.88,2022,4.05,2,5,300,300,12,Wargames,N/A
Mystery Express,6.082,6.56,2586,N/A,2010,2.66,3,5,60,90,12,Family,N/A
Tybor the Builder,6.081,6.94,1357,21.89,2017,2.11,2,4,30,30,8,Strategy,N/A
Sail,6.081,7.59,773,24.00,2023,2.08,2,2,20,20,11,N/A,N/A
Mountains of Madness,6.081,6.51,3198,40.42,2017,2.06,3,5,60,90,12,Party,N/A
Zug um Zug: Deutschland,6.081,7.54,859,N/A,2012,1.90,2,5,30,60,8,Family,N/A
Age of Galaxy,6.081,7.72,775,19.99,2022,3.24,1,4,45,60,12,Strategy,N/A
Verräter,6.081,6.68,1986,N/A,1998,2.57,3,4,60,60,12,Strategy,N/A
Hamburg,6.081,7.61,791,99.99,2022,3.16,1,5,60,90,10,Strategy,N/A
Doppelkopf,6.081,7.54,852,N/A,1895,2.94,3,6,120,120,7,Family,N/A
Constantinopolis,6.08,6.87,1563,46.95,2010,3.12,2,5,90,90,12,Strategy,N/A
Volfyirion,6.08,7.29,1166,N/A,2019,2.23,1,2,15,30,14,Strategy,N/A
Exit: The Game – The Enchanted Forest,6.08,7.03,1281,14.99,2020,1.94,1,4,45,90,12,Family,Thematic
Kōhaku,6.079,7.64,788,N/A,2020,1.65,1,4,30,45,10,Family,N/A
Resurgence,6.079,7.78,699,N/A,2022,3.03,1,4,60,90,14,Strategy,N/A
Big Trouble in Little China: The Game,6.079,7.66,866,N/A,2018,2.94,1,4,60,120,14,Thematic,N/A
Monopoly Deal Card Game,6.079,6.29,11086,7.00,2008,1.32,2,5,15,15,8,Family,N/A
Relic Runners,6.078,6.59,2354,100.54,2013,2.11,2,5,40,80,10,Family,N/A
A la carte,6.078,6.46,3280,N/A,1989,1.30,2,4,30,30,8,Family,N/A
The End of the Triumvirate,6.078,6.78,1636,N/A,2005,2.74,2,3,60,90,10,Strategy,N/A
The Game: Extreme,6.078,6.92,1428,N/A,2016,1.32,1,5,20,30,8,Family,N/A
Cosmic Encounter,6.077,7.23,1050,55.99,1991,2.63,3,6,60,60,N/A,Strategy,Thematic
Gang of Four,6.077,6.62,2434,N/A,1990,1.87,3,4,40,40,8,Family,N/A
Don't Mess with Cthulhu,6.077,6.86,1555,N/A,2014,1.14,4,6,1,30,10,Party,N/A
Epic Card Game,6.077,6.42,4842,10.99,2015,2.51,2,4,20,40,13,Customizable,N/A
TurfMaster,6.076,7.26,1030,N/A,1998,1.96,2,8,75,75,10,Family,Thematic
Rocketmen,6.076,6.82,1654,N/A,2021,2.55,1,4,30,90,14,Strategy,N/A
Harvest Dice,6.076,6.64,2177,14.99,2017,1.33,2,4,15,30,8,Family,N/A
Zulus on the Ramparts!: The Battle of Rorke's Drift – Second Edition,6.075,7.37,954,N/A,2009,2.12,1,1,25,25,12,Wargames,N/A
Fiesta de los Muertos,6.075,7.06,1239,N/A,2019,1.07,4,8,15,15,12,Party,N/A
Legendary Encounters: The X-Files Deck Building Game,6.075,7.68,780,56.98,2018,2.73,1,5,45,60,14,Thematic,N/A
Unlock!: Escape Adventures – The Island of Doctor Goorse,6.075,6.67,1945,24.99,2017,2.96,2,6,60,60,10,Thematic,N/A
Wiz-War,6.075,6.87,1643,N/A,1983,1.98,2,4,60,60,10,Thematic,N/A
Lift Off,6.075,7.1,1158,24.99,2018,2.82,2,4,60,120,12,Strategy,N/A
The River,6.075,6.6,2333,24.99,2018,1.97,2,4,30,45,8,Family,N/A
One Night Ultimate Vampire,6.075,6.67,2134,26.99,2016,1.61,3,10,10,10,8,Party,N/A
Waggle Dance,6.075,6.96,1316,N/A,2014,2.30,2,4,30,90,10,Strategy,N/A
Onward to Venus,6.074,6.88,1460,N/A,2014,2.60,2,5,90,120,13,Strategy,N/A
Boomtown,6.074,6.52,2666,N/A,2004,1.70,3,5,30,30,10,Family,N/A
Bonaparte at Marengo,6.074,7.39,886,N/A,2003,3.18,2,2,120,120,12,Wargames,N/A
Basari,6.074,6.75,1701,N/A,1998,1.85,3,4,25,25,10,Family,Strategy
Key Harvest,6.074,6.71,1806,N/A,2007,3.02,2,4,90,90,10,Strategy,N/A
Schotten Totten 2,6.073,7.15,1144,11.99,2020,2.00,2,2,20,20,8,Family,Strategy
Sonora,6.073,6.86,1488,35.00,2020,2.19,1,4,30,45,10,Family,N/A
Hamlet: The Village Building Game,6.073,6.89,1723,N/A,2022,2.93,1,4,25,100,14,Strategy,N/A
Muse,6.073,6.61,2284,24.99,2017,1.12,2,12,30,30,10,Party,N/A
My Lil' Everdell,6.072,7.62,779,45.00,2022,1.85,1,4,30,60,6,Children's,Family
Power Grid: The Card Game,6.072,6.69,1924,18.41,2016,2.44,2,6,45,60,12,Strategy,N/A
Guildhall: Job Faire,6.072,7.1,1101,N/A,2013,2.17,2,4,30,45,10,Family,Strategy
Skytear,6.072,7.93,1001,58.31,2020,3.32,2,4,45,45,13,Strategy,N/A
Second Chance,6.072,6.68,2069,N/A,2019,1.14,1,6,10,15,8,Family,N/A
Eila and Something Shiny,6.071,8.11,656,N/A,2021,2.06,1,1,30,45,12,Thematic,N/A
Xenon Profiteer,6.071,7.21,995,29.99,2015,2.10,2,4,30,30,10,Strategy,N/A
Palazzo,6.071,6.54,2487,N/A,2005,2.06,2,4,60,60,10,Strategy,N/A
Cave Troll,6.07,6.41,3803,N/A,2002,1.98,2,4,20,60,10,Strategy,Thematic
Riverside,6.07,7.14,1087,N/A,2021,1.92,1,6,15,25,10,Family,N/A
Lost Valley,6.07,6.71,1807,N/A,2004,2.62,3,4,60,60,10,Strategy,Thematic
Funny Friends,6.07,6.51,2640,N/A,2005,2.27,2,6,60,60,16,Thematic,N/A
SOS Titanic,6.07,6.75,1730,N/A,2013,1.64,1,5,30,30,8,Family,N/A
Nauticus,6.069,6.91,1352,N/A,2013,2.99,2,4,90,90,12,Strategy,N/A
Space Park,6.069,7.2,1092,N/A,2018,1.73,1,4,30,30,14,Family,N/A
First Contact,6.069,6.95,1330,N/A,2018,2.03,2,7,15,40,12,Party,N/A
Planet Apocalypse,6.068,7.94,692,170.00,2020,3.11,1,5,60,90,14,Strategy,Thematic
The Search for Lost Species,6.068,7.96,621,40.05,2023,2.79,1,4,60,75,13,N/A,N/A
Coldwater Crown,6.068,7.24,1016,42.28,2017,2.23,1,4,40,90,13,Strategy,N/A
Fossilis,6.068,7.05,1300,N/A,2020,2.28,2,5,45,60,8,Family,N/A
Ghost Blitz 2,6.067,6.75,1914,N/A,2012,1.18,2,8,30,30,8,Family,Party
Circadians: Chaos Order,6.067,8.03,638,46.99,2022,3.85,2,5,120,240,12,Strategy,Wargames
Night of the Ninja,6.067,7.23,1061,22.99,2021,1.95,4,11,15,30,12,Party,N/A
Big Boggle,6.066,6.88,1578,N/A,1979,1.51,2,8,10,10,8,Family,N/A
Isle of Trains,6.066,6.75,1696,N/A,2014,2.02,2,4,45,45,13,Family,Strategy
Planetarium,6.066,6.99,1319,44.95,2017,2.04,1,4,45,45,10,Strategy,Thematic
Smash Up: Big in Japan,6.066,7.46,892,22.16,2017,2.43,2,2,30,45,14,N/A,N/A
Deckscape: Heist in Venice,6.066,6.67,1863,14.90,2018,1.66,1,6,30,90,12,Thematic,N/A
Tulip Bubble,6.066,7.11,1147,N/A,2015,2.52,3,5,50,70,15,Strategy,N/A
Pack & Stack,6.066,6.45,3111,N/A,2008,1.27,3,6,30,45,10,Family,N/A
O Zoo le Mio,6.066,6.6,2178,N/A,2002,2.01,2,4,45,60,9,Family,N/A
Oh Hell!,6.066,6.84,1492,N/A,1930,1.72,3,7,30,30,10,Family,N/A
Joan of Arc: Orléans Draw & Write,6.066,7.26,977,25.76,2022,2.35,1,5,30,45,12,N/A,N/A
HATE,6.065,7.66,1077,N/A,2019,2.49,2,6,60,120,18,Thematic,N/A
The Settlers of the Stone Age,6.065,6.57,2389,N/A,2002,2.51,3,4,90,120,10,Family,Strategy
Dokmus,6.065,7.02,1215,N/A,2016,2.05,2,4,20,40,10,Abstract,Strategy
Four Gardens,6.064,7.03,1385,39.99,2020,2.30,2,4,45,45,10,Family,Strategy
Warhammer: The Mass Combat Fantasy Roleplaying Game (1st Edition),6.064,6.65,2337,N/A,1983,3.68,2,4,240,240,8,Wargames,N/A
Perry Rhodan: The Cosmic League,6.063,6.73,1671,73.28,2007,1.96,2,2,30,30,10,Family,Strategy
Dice Throne: Season One ReRolled – Treant v. Ninja,6.062,7.82,673,28.03,2020,2.00,2,2,20,40,8,N/A,N/A
Hidden Games Crime Scene: The New Haven Case,6.061,8.16,554,N/A,2019,2.43,1,6,90,180,14,Thematic,N/A
Fire Tower,6.061,7.19,1333,39.99,2019,1.81,2,4,15,30,14,Abstract,N/A
Gunkimono,6.061,6.99,1219,N/A,2018,1.87,2,5,45,60,10,Abstract,N/A
King of the Dice,6.061,6.83,1605,N/A,2017,1.08,2,5,20,30,8,Family,N/A
City of the Living,6.061,6.67,1859,29.99,2013,2.55,2,4,60,60,13,Strategy,N/A
20 Strong,6.06,7.69,783,N/A,2023,2.45,1,1,30,45,14,N/A,N/A
EastFront: The War in Russia 1941-45 – Second Edition,6.06,8.05,607,N/A,2006,3.49,2,2,240,240,12,Wargames,N/A
Dragon's Gold,6.059,6.43,3249,48.94,2001,1.69,3,6,45,45,12,Family,N/A
Exit: The Game – Advent Calendar: The Hunt for the Golden Book,6.059,7.76,666,50.15,2021,1.77,1,99,45,90,10,Thematic,N/A
The City,6.058,6.52,2444,N/A,2011,1.56,2,5,30,30,10,Family,N/A
Tikal II: The Lost Temple,6.058,6.86,1399,N/A,2010,2.62,2,4,60,120,12,Family,Strategy
Megaland,6.058,6.63,2077,N/A,2018,1.89,2,5,20,20,8,Family,N/A
Tac Tac Jack,6.057,6.39,3694,N/A,2008,1.04,2,7,10,10,5,Family,Party
Green Team Wins,6.057,7.16,1021,11.99,2022,1.11,3,12,15,15,10,Party,N/A
Let's Make a Bus Route,6.057,7.27,932,N/A,2018,1.96,2,5,20,30,10,N/A,N/A
Inside Job,6.057,7.15,1059,17.14,2022,1.46,2,5,20,30,10,Family,Strategy
"Wits & Wagers: It's Vegas, Baby!",6.056,7.45,815,16.50,2019,1.08,5,99,30,40,13,N/A,N/A
Dungeon Raiders,6.056,6.65,2082,N/A,2011,1.40,3,5,20,60,8,Family,Thematic
Portal of Heroes,6.056,6.77,1682,N/A,2015,1.79,2,5,45,45,10,Family,N/A
Corrosion,6.056,7.06,1151,44.12,2021,3.23,1,4,60,120,12,Strategy,N/A
Pantheon,6.056,6.72,1718,49.95,2011,2.76,2,4,60,90,10,Family,Strategy
Revolver,6.056,6.86,1478,N/A,2011,1.99,2,2,45,45,12,Thematic,N/A
Pandemic: Contagion,6.055,6.42,3424,19.99,2014,1.89,2,5,30,30,14,Family,N/A
Suspects: Claire Harper Takes the Stage,6.055,7.39,888,29.99,2021,1.80,1,6,60,90,10,Thematic,N/A
Famiglia,6.055,6.43,3154,N/A,2010,1.76,1,2,30,30,10,Family,Strategy
Funemployed,6.054,6.68,2014,N/A,2013,1.17,3,20,30,30,13,Party,N/A
Evolution: The Beginning,6.054,6.6,2208,N/A,2016,1.81,2,5,30,30,8,Family,N/A
Sierra West,6.054,6.82,1520,37.95,2019,3.02,1,4,40,60,14,Strategy,N/A
Scattergories,6.054,6.26,10260,18.98,1988,1.36,2,6,30,30,12,Party,N/A
Take 5!,6.054,6.55,2408,N/A,1998,1.46,2,6,60,60,10,Family,N/A
Warhammer Age of Sigmar: Warcry Starter Set,6.054,8.16,592,N/A,2019,2.40,2,4,30,60,12,Thematic,Wargames
Dale of Merchants 3,6.053,7.73,695,N/A,2020,2.17,2,4,20,40,10,N/A,N/A
Namiji,6.053,7.09,1090,29.18,2022,1.75,2,5,30,45,8,Family,N/A
Chai,6.053,6.77,1764,N/A,2019,1.66,1,5,20,60,8,Family,N/A
Via Magica,6.052,6.76,1627,N/A,2020,1.51,2,6,30,30,7,Family,N/A
Ticket to Ride: Amsterdam,6.052,6.97,1317,24.99,2020,1.54,2,4,10,15,8,Family,N/A
Cairn,6.051,7.26,973,N/A,2019,2.00,2,2,25,25,10,Abstract,N/A
Whale Riders,6.051,7.08,1084,N/A,2021,1.83,2,6,30,45,8,Family,N/A
Nokosu Dice,6.05,7.58,721,N/A,2016,2.14,3,5,45,60,10,N/A,N/A
Star Wars Miniatures,6.05,6.91,1633,N/A,2004,2.31,2,2,60,60,12,Customizable,N/A
The Guns of Gettysburg,6.05,7.83,660,N/A,2013,3.70,2,4,180,180,13,Wargames,N/A
Dawn of the Zeds (Second edition),6.05,7.82,653,N/A,2013,3.14,1,1,45,90,13,Thematic,N/A
Carcassonne: Wheel of Fortune,6.05,7.01,1217,N/A,2009,2.04,2,5,30,30,8,Family,N/A
Masons,6.05,6.49,2519,N/A,2006,2.13,2,4,45,45,8,Strategy,N/A
No Mercy,6.05,7.2,1003,N/A,2021,1.03,2,5,20,20,8,Family,N/A
First Train to Nuremberg,6.049,7.04,1129,N/A,2010,3.19,2,4,45,120,12,Strategy,N/A
Clue: The Great Museum Caper,6.049,6.79,1617,N/A,1991,1.93,2,7,30,30,10,Family,N/A
Queen's Architect,6.049,6.86,1384,19.99,2015,2.79,2,4,60,60,10,Strategy,N/A
Colt Super Express,6.049,6.82,1487,22.71,2020,1.08,3,7,15,20,7,Family,Party
Poseidon,6.049,6.97,1171,N/A,2010,3.54,2,5,90,120,12,Strategy,N/A
Ascension: Dreamscape,6.049,7.62,752,N/A,2015,2.29,1,4,30,60,13,Strategy,N/A
Starcadia Quest,6.049,7.41,906,49.95,2020,2.71,2,4,60,60,13,Thematic,N/A
Cargo Noir,6.049,6.45,2971,N/A,2011,2.09,2,5,30,90,8,Family,N/A
Truffle Shuffle,6.049,6.9,1312,19.95,2020,1.30,2,4,15,30,14,Family,N/A
The Great Battles of Alexander: Deluxe Edition,6.048,7.7,714,N/A,1995,3.62,1,4,240,240,12,Wargames,N/A
Revolution: The Dutch Revolt 1568-1648,6.048,7.29,951,111.54,2004,4.24,2,5,240,480,12,Strategy,Wargames
Exit: The Game – The Cemetery of the Knight,6.048,7.01,1130,14.95,2020,2.86,1,4,60,120,12,N/A,N/A
Dice Throne: Season One ReRolled – Monk v. Paladin,6.048,7.74,692,24.95,2021,2.00,2,2,20,40,8,N/A,N/A
Beez,6.048,6.76,1651,38.64,2020,1.76,2,4,30,45,8,Family,N/A
Caper,6.048,7.03,1187,N/A,2018,2.21,2,4,30,45,13,Strategy,N/A
Puzzle Strike,6.048,6.62,2016,N/A,2010,2.29,2,4,20,20,8,Strategy,N/A
Kings of Air and Steam,6.047,6.86,1337,79.99,2013,2.84,2,7,90,90,13,Strategy,N/A
Disney Villainous: Bigger and Badder,6.047,7.51,868,21.97,2022,2.33,2,3,40,60,10,Family,N/A
Pax Viking,6.047,7.18,1032,64.85,2021,3.29,1,6,60,90,12,Strategy,N/A
Kingmaker,6.047,6.53,3015,N/A,1974,3.06,2,7,240,240,12,Strategy,Wargames
The Awful Green Things From Outer Space,6.046,6.55,2636,N/A,1979,1.88,2,2,60,90,12,Thematic,N/A
Sorry! Sliders,6.046,6.34,3836,19.86,2008,1.06,1,4,30,30,6,Family,N/A
The Red Dragon Inn 5: The Character Trove,6.046,7.65,861,42.44,2015,2.00,2,4,30,60,13,N/A,N/A
Pixie Queen,6.046,7.13,1087,N/A,2017,3.13,2,5,60,120,12,Strategy,N/A
Ace of Aces: Handy Rotary Series,6.046,7.08,1168,N/A,1980,1.76,2,2,20,20,10,Wargames,N/A
Space Cadets: Away Missions,6.045,7.34,895,73.60,2015,2.61,1,6,60,120,10,Thematic,N/A
10 Days in Europe,6.045,6.6,2119,N/A,2002,1.34,2,4,20,30,10,Family,N/A
Forbidden Sky,6.045,6.4,3444,N/A,2018,2.55,2,5,60,60,10,Family,Strategy
Spire's End,6.045,7.68,813,N/A,2019,2.11,1,2,15,120,16,Thematic,N/A
Mundus Novus,6.045,6.65,1847,N/A,2011,2.18,2,6,45,60,14,Family,Strategy
Prophecy,6.045,6.66,1971,N/A,2002,2.64,2,5,180,180,12,Thematic,N/A
Equinox,6.044,6.74,1634,39.99,2021,2.07,2,5,40,60,10,Strategy,N/A
Khet: The Laser Game,6.044,6.5,2775,144.00,2005,2.53,2,2,20,20,9,Abstract,N/A
Divinare,6.043,6.72,1631,N/A,2012,1.77,2,4,30,30,13,Family,N/A
Circus Maximus,6.043,6.77,1665,N/A,1979,2.62,2,10,120,120,12,Strategy,Thematic
Timbuktu,6.042,6.65,1813,N/A,1993,2.78,3,5,60,60,10,Strategy,N/A
Skull Tales: Full Sail!,6.042,7.75,897,N/A,2019,3.87,1,5,60,150,14,Thematic,N/A
Catch the Moon,6.042,6.75,1676,30.83,2017,1.00,2,6,20,20,6,Family,N/A
Valhalla,6.042,7.19,1455,N/A,2018,2.10,1,6,30,60,13,Strategy,N/A
Capitol,6.042,6.8,1497,N/A,2001,2.64,2,4,60,60,10,Strategy,N/A
Power Rangers: Heroes of the Grid,6.041,7.9,881,75.04,2019,2.75,2,5,45,60,14,Thematic,N/A
Gemblo,6.041,6.78,1578,N/A,2003,1.85,2,6,30,30,6,Abstract,N/A
Dice Realms,6.041,7.2,1008,113.75,2022,2.38,2,4,45,60,14,Strategy,N/A
"Warhammer 40,000: Kill Team",6.041,7.64,831,N/A,2018,3.43,2,4,30,60,12,Thematic,Wargames
Exit: The Game – The Gate Between Worlds,6.041,7.41,796,N/A,2020,2.78,1,4,60,120,12,N/A,N/A
Olympus,6.041,6.8,1461,49.99,2010,3.01,3,5,60,120,14,Strategy,N/A
Viva Topo!,6.041,6.83,1499,119.99,2002,1.08,2,4,20,30,4,Children's,N/A
Unhappy King Charles!,6.04,7.6,725,N/A,2008,3.29,2,2,240,240,N/A,Wargames,N/A
Inhabit the Earth,6.04,6.92,1209,N/A,2015,3.16,2,4,60,90,14,Strategy,N/A
Iron Helm,6.04,8.08,656,N/A,2019,2.00,1,1,30,45,12,Strategy,Thematic
Silverton,6.04,7.11,1059,N/A,1991,3.25,1,6,180,180,12,Strategy,N/A
Funkoverse Strategy Game,6.04,7.22,1133,21.99,2019,2.16,2,4,20,60,10,Customizable,Thematic
Shear Panic,6.04,6.35,3827,55.00,2005,2.22,2,4,45,45,10,Family,N/A
Pixel Tactics 2,6.04,7.0,1216,N/A,2013,2.67,2,2,45,45,12,Customizable,Strategy
Last Train to Wensleydale,6.039,7.09,1004,N/A,2009,3.25,3,4,120,120,13,Strategy,N/A
Exit: The Game – Kidnapped in Fortune City,6.039,7.91,574,N/A,2021,2.88,1,4,45,90,10,N/A,N/A
VivaJava: The Coffee Game: The Dice Game,6.039,6.57,2049,N/A,2014,1.77,1,4,20,40,10,Family,N/A
Oak,6.039,7.19,1027,N/A,2022,3.13,1,4,60,90,12,Strategy,N/A
The Builders: Antiquity,6.039,6.66,1810,N/A,2015,1.92,2,4,30,30,10,Family,N/A
Sushizock im Gockelwok,6.038,6.49,2499,N/A,2008,1.24,2,5,20,20,8,Family,N/A
Arkham Noir: Case #1 – The Witch Cult Murders,6.038,6.76,1717,N/A,2017,2.23,1,1,30,30,14,Thematic,N/A
Pokémon Trading Card Game,6.037,6.36,4579,6.99,1996,2.03,2,2,20,20,6,Customizable,N/A
Gunslinger,6.037,7.15,1061,N/A,1982,3.29,2,7,90,90,12,Thematic,Wargames
Canal Mania,6.037,6.88,1262,N/A,2006,2.89,2,5,90,90,12,Strategy,N/A
Dungeon Drop,6.037,6.72,1900,59.99,2020,1.37,1,4,10,20,8,Family,N/A
Sonar,6.037,6.71,1633,41.75,2017,1.86,2,4,30,30,8,Family,N/A
Letter Tycoon,6.036,6.77,1599,N/A,2015,1.97,2,5,30,30,8,Family,N/A
Alone,6.036,7.52,873,N/A,2019,3.26,2,4,60,120,14,Thematic,N/A
Dizzle,6.036,6.83,1375,N/A,2019,1.30,1,4,30,30,8,Family,N/A
Trailblazers,6.036,7.49,774,N/A,2023,1.70,1,8,30,30,8,N/A,N/A
Drakon (Third Edition),6.036,6.46,2785,N/A,2006,1.81,2,6,20,60,10,Family,Strategy
GOSU,6.036,6.5,2617,N/A,2010,2.40,2,4,45,45,10,Strategy,N/A
Mississippi Queen,6.036,6.31,4153,N/A,1997,1.69,3,5,45,45,10,Family,N/A
Colors of Paris,6.035,6.92,1321,49.99,2019,2.17,2,4,40,60,10,Strategy,N/A
Flat Top,6.035,7.36,924,N/A,1977,4.23,2,2,360,360,12,Wargames,N/A
Prehistory,6.035,7.21,944,N/A,2018,3.94,2,4,60,120,12,Strategy,N/A
Ascension: 10 Year Anniversary Edition,6.035,7.89,625,64.96,2022,1.80,1,4,30,30,13,Customizable,Strategy
Limes,6.035,6.85,1323,N/A,2014,1.85,1,2,20,20,8,Family,N/A
Animals on Board,6.035,6.54,2156,N/A,2016,1.52,2,4,15,30,8,Family,N/A
Montana,6.035,6.72,1663,N/A,2017,2.26,2,4,45,45,10,Family,Strategy
Daytona 500,6.034,7.14,1019,N/A,1990,1.78,2,4,70,70,10,Family,Strategy
World of Warcraft Trading Card Game,6.034,6.72,1969,23.23,2006,2.59,2,2,20,20,12,Customizable,N/A
Tao Long: The Way of the Dragon,6.034,6.83,1501,39.99,2017,2.73,2,2,10,30,14,Abstract,N/A
Keltis: Das Kartenspiel,6.034,6.68,1748,N/A,2009,1.48,2,4,20,20,8,Family,N/A
Aventuria: Adventure Card Game,6.033,7.55,905,44.95,2016,2.55,1,4,45,180,14,Customizable,Thematic
Puzzle Strike Shadows,6.033,7.77,653,N/A,2012,2.96,2,4,20,20,10,Strategy,N/A
Warmachine,6.033,7.27,1037,N/A,2003,3.53,2,4,60,60,12,Thematic,Wargames
Maskmen,6.033,6.85,1367,N/A,2014,1.70,2,6,20,20,9,Family,N/A
Daybreak,6.033,7.68,692,49.99,2023,2.96,1,4,60,120,10,Strategy,N/A
Rustling Leaves,6.033,6.91,1256,N/A,2020,1.63,2,6,20,20,8,Family,N/A
Tempus,6.033,6.46,2589,N/A,2006,2.80,3,5,60,120,14,Strategy,N/A
Lost Legacy: Flying Garden,6.032,6.69,1663,N/A,2013,1.33,2,4,10,10,10,Family,Thematic
Witch of Salem,6.032,6.63,1937,N/A,2008,2.49,2,4,60,60,10,Strategy,Thematic
The Siege of Runedar,6.032,7.08,1075,49.35,2021,2.34,1,4,60,90,10,Family,Thematic
Pioneers,6.031,6.98,1133,N/A,2017,2.26,2,4,60,60,8,Family,Strategy
Hostage Negotiator: Crime Wave,6.031,7.41,849,34.89,2017,2.05,1,1,20,20,15,Thematic,N/A
Tannhäuser,6.031,6.49,3229,N/A,2007,2.73,2,10,60,120,11,Thematic,N/A
Cardline: Animals,6.031,6.57,2101,N/A,2012,1.13,2,8,15,15,7,Family,N/A
Commissioned,6.031,7.23,925,N/A,2016,2.81,2,6,60,60,14,Thematic,N/A
The Binding of Isaac: Four Souls,6.031,7.02,2522,168.17,2018,1.98,2,4,30,60,13,Strategy,N/A
Subastral,6.031,7.22,906,21.99,2021,1.58,2,5,15,30,10,Family,N/A
Blood Bowl (Second Edition),6.03,6.87,1426,N/A,1988,2.87,2,2,180,180,14,Thematic,N/A
Strike of the Eagle,6.03,7.53,737,N/A,2011,3.06,2,4,60,240,13,Wargames,N/A
Exceed Fighting System,6.03,8.12,589,N/A,2016,2.68,2,2,5,30,10,Strategy,N/A
"EastFront: The War in Russia, 1941-45",6.03,7.68,687,N/A,1991,3.60,2,2,240,240,12,Wargames,N/A
Robin Hood and the Merry Men,6.03,6.75,1743,54.95,2018,3.67,1,5,60,90,13,Strategy,Thematic
Dice Throne: Season One ReRolled – Pyromancer v. Shadow Thief,6.03,7.78,659,29.99,2021,1.71,2,2,20,40,8,N/A,N/A
Stay Cool,6.029,7.03,1092,24.91,2019,1.00,3,7,10,30,12,Party,N/A
One Night Ultimate Alien,6.029,6.9,1327,17.99,2017,1.89,4,10,10,10,8,Party,N/A
Mondo,6.028,6.49,2583,N/A,2011,1.79,1,4,20,30,8,Family,N/A
Roll For It! Deluxe Edition,6.028,6.61,2197,34.99,2014,1.09,2,8,30,30,8,Family,N/A
Familiar Tales,6.027,7.86,669,53.93,2022,2.62,1,4,45,120,8,Family,Thematic
Ascension: Apprentice Edition,6.027,7.08,1091,N/A,2013,1.94,2,2,30,30,13,Strategy,N/A
Songbirds,6.027,6.87,1327,N/A,2016,1.65,1,4,20,20,8,Abstract,Family
The Lord of the Rings: The Fellowship of the Ring Deck-Building Game,6.027,6.81,1535,79.95,2013,2.11,2,5,30,30,15,Thematic,N/A
Northern Pacific,6.027,7.09,991,33.49,2013,1.46,3,6,60,60,7,Strategy,N/A
Tank Duel: Enemy in the Crosshairs,6.027,7.59,757,N/A,2019,2.82,1,8,60,180,12,Wargames,N/A
In the Footsteps of Darwin,6.027,7.52,772,39.99,2023,1.73,2,5,20,30,8,N/A,N/A
The Palace of Mad King Ludwig,6.027,6.88,1287,39.98,2017,2.83,2,4,75,75,13,Family,Strategy
18MEX,6.026,7.71,615,N/A,2005,3.86,3,5,210,210,14,Strategy,N/A
Patchwork Doodle,6.026,6.6,1988,19.99,2019,1.24,1,6,20,20,8,Family,N/A
Le Fantôme de l'Opéra,6.026,6.99,1106,N/A,2013,2.21,2,2,30,30,9,Family,Strategy
Mr. Cabbagehead's Garden,6.025,7.13,990,N/A,2016,1.77,1,2,10,20,10,Strategy,N/A
The Grimm Masquerade,6.025,6.91,1239,N/A,2019,1.65,2,5,20,40,8,Family,N/A
Merchants of Amsterdam,6.025,6.71,1633,N/A,2000,2.63,3,5,60,60,10,Strategy,N/A
Flick 'em Up!: Dead of Winter,6.025,6.64,1823,N/A,2017,2.11,1,10,30,45,8,Family,N/A
Tales of Glory,6.024,7.2,933,N/A,2018,1.92,2,5,30,45,10,Family,N/A
Colony,6.024,6.59,1984,31.37,2016,2.26,1,4,45,60,13,Strategy,N/A
Coyote,6.024,6.64,1769,N/A,2003,1.19,3,6,20,30,10,Party,N/A
BraveRats,6.023,6.46,2599,15.93,2011,1.14,2,2,15,15,8,Family,N/A
Bezzerwizzer,6.023,6.41,3245,42.95,2007,1.58,2,12,45,45,14,Family,Party
Ave Roma,6.023,7.14,967,N/A,2016,3.74,2,5,45,120,12,Strategy,N/A
Mobile Markets: A Smartphone Inc. Game,6.023,7.24,837,42.61,2021,2.76,1,4,40,80,14,N/A,N/A
Dungeon Saga: Dwarf King's Quest,6.023,7.24,1143,80.22,2015,2.47,2,5,30,120,10,Thematic,N/A
Trash Pandas,6.022,6.54,2483,9.99,2017,1.37,2,4,15,20,8,Family,N/A
Haven,6.022,6.99,1152,N/A,2018,2.27,2,2,30,45,12,Strategy,N/A
Night of the Living Dead: A Zombicide Game,6.022,7.38,914,324.95,2021,2.38,1,6,60,60,14,Thematic,N/A
Pentago,6.022,6.38,3545,N/A,2005,1.83,2,2,5,5,8,Abstract,N/A
Boggle,6.021,6.23,8206,39.62,1972,1.47,1,8,10,10,8,Family,N/A
The Shores of Tripoli,6.021,7.62,805,60.00,2020,2.04,1,2,45,60,12,Wargames,N/A
Exit: The Game + Puzzle – The Sacred Temple,6.021,7.37,773,N/A,2020,2.43,1,4,90,180,10,Thematic,N/A
Set a Watch: Swords of the Coin,6.021,7.67,692,40.00,2021,2.83,1,4,60,75,10,N/A,N/A
Quo Vadis?,6.021,6.48,2313,N/A,1992,2.08,3,5,45,45,12,Strategy,N/A
Mezo,6.021,7.22,935,42.40,2020,3.27,2,4,90,120,14,Strategy,N/A
Timeline,6.02,6.49,2399,N/A,2012,1.14,2,8,15,15,8,Party,N/A
My Farm Shop,6.02,7.0,1100,34.87,2020,1.96,2,4,45,45,8,Family,N/A
Next Station: Tokyo,6.02,7.16,929,19.99,2023,1.68,1,4,25,30,8,N/A,N/A
Happy City,6.02,6.6,2042,N/A,2021,1.24,2,5,20,30,10,Family,N/A
Kupferkessel Co.,6.02,6.92,1155,N/A,2001,1.66,2,2,30,30,8,Family,Strategy
Twilight Struggle: Red Sea – Conflict in the Horn of Africa,6.019,7.74,632,39.43,2023,2.97,1,2,35,35,12,Wargames,N/A
Band of Brothers: Screaming Eagles,6.019,7.71,678,N/A,2011,2.79,2,2,90,90,12,Wargames,N/A
Talisman,6.019,6.37,5518,N/A,1983,2.18,2,6,240,240,9,Thematic,N/A
Okiya,6.019,6.55,2113,13.99,2012,1.22,2,2,10,10,7,Abstract,N/A
Vampire: The Masquerade – Vendetta,6.018,7.27,949,18.99,2020,2.71,3,6,30,30,14,Strategy,N/A
What the Heck?,6.018,6.47,2461,N/A,1988,1.17,2,5,20,20,7,Family,N/A
"UltraQuest: Gold, Ruhm! und Ehre!",6.018,8.21,556,N/A,2016,2.60,2,5,60,600,10,Thematic,N/A
Catan: Portable Edition,6.017,6.76,1531,N/A,2002,2.25,3,4,90,90,10,Family,Strategy
Poetry for Neanderthals,6.017,6.7,1740,N/A,2020,1.07,2,12,15,15,7,Party,N/A
Village Pillage,6.017,7.37,1103,N/A,2019,1.36,2,5,20,20,10,N/A,N/A
Fantastiqa: The Rucksack Edition,6.017,6.92,1187,N/A,2012,2.37,2,4,45,60,8,Family,N/A
Dodos Riding Dinos,6.016,7.76,962,52.95,2021,1.66,1,8,20,20,8,Family,N/A
Streets,6.016,6.7,1558,34.95,2021,1.98,1,5,30,60,10,Strategy,N/A
Dungeon Command: Heart of Cormyr,6.016,7.37,889,109.99,2012,2.60,2,2,90,90,12,Customizable,N/A
Android: Mainframe,6.016,6.57,1973,N/A,2016,1.84,2,4,15,30,12,Abstract,N/A
Terminator Genisys: Rise of the Resistance,6.016,8.04,595,N/A,2018,2.54,1,4,90,120,14,Thematic,N/A
Cloud 9,6.016,6.49,2288,N/A,1999,1.15,3,6,20,30,8,Family,N/A
The Battle for Hill 218,6.015,6.58,1848,N/A,2007,1.71,2,2,15,30,8,Strategy,Wargames
Tesla vs. Edison: War of Currents,6.015,6.68,1617,N/A,2015,3.24,2,5,90,90,14,Strategy,N/A
The Walking Dead: All Out War,6.015,7.77,797,N/A,2016,2.76,1,2,30,120,N/A,Thematic,Wargames
Machiavelli,6.015,7.09,1110,N/A,1977,3.20,4,8,480,480,12,Strategy,Wargames
Neue Heimat,6.014,7.28,790,N/A,2007,2.68,2,5,45,45,10,Strategy,N/A
The Dwarf King,6.014,6.56,1950,17.99,2011,1.43,3,5,40,40,10,Family,N/A
DC Deck-Building Game: Teen Titans,6.014,7.24,980,33.03,2015,2.11,2,5,45,75,15,Strategy,Thematic
Boomerang: Australia,6.013,6.9,1143,N/A,2020,1.52,2,4,15,30,8,Family,N/A
Full Metal Planète,6.013,7.51,764,N/A,1988,3.14,2,4,90,90,12,Strategy,N/A
Dreamblade,6.013,7.15,1001,N/A,2006,2.70,2,2,60,60,13,Customizable,N/A
The Elder Scrolls V: Skyrim – The Adventure Game,6.013,7.72,825,119.99,2022,3.15,1,4,60,120,14,Thematic,N/A
Dig Your Way Out,6.013,7.25,968,N/A,2019,2.13,2,6,40,45,14,N/A,N/A
Pathfinder Adventure Card Game: Mummy's Mask – Base Set,6.012,7.94,598,43.62,2016,2.86,1,4,120,120,13,Thematic,N/A
Soviet Kitchen Unleashed,6.012,6.82,1430,N/A,2018,1.30,1,6,25,25,12,Family,Party
Greenland,6.012,6.94,1130,N/A,2014,3.24,1,3,60,120,12,Thematic,N/A
Campaign Trail,6.012,7.71,647,N/A,2019,2.87,1,6,115,115,12,Strategy,N/A
Koryŏ,6.012,6.6,1903,N/A,2013,1.86,2,4,10,20,13,Strategy,N/A
The Red Dragon Inn 4,6.012,7.35,930,30.51,2013,1.81,2,4,60,60,13,Thematic,N/A
Grifters,6.012,6.73,1537,N/A,2015,1.78,2,4,30,30,14,Thematic,N/A
Transmissions,6.012,7.33,822,N/A,2022,2.07,1,4,45,60,10,N/A,N/A
Ubongo Extreme,6.012,6.74,1427,N/A,2007,1.87,2,4,30,30,8,Abstract,Family
Liberty Roads,6.012,8.1,553,N/A,2009,3.22,2,2,90,1200,N/A,Wargames,N/A
Noblemen,6.011,6.91,1138,39.95,2012,3.04,3,5,75,120,12,Strategy,N/A
First Martians: Adventures on the Red Planet,6.011,6.41,3599,N/A,2017,4.15,1,4,60,90,10,Thematic,N/A
Finished!,6.011,6.73,1506,N/A,2017,2.18,1,1,30,45,10,Abstract,N/A
Rheinländer,6.011,6.64,1669,N/A,1999,2.42,3,5,45,45,12,Strategy,N/A
Unusual Suspects,6.011,6.4,2854,N/A,2015,1.09,3,16,20,20,14,Party,N/A
Flip City,6.011,6.3,4004,N/A,2014,1.74,1,4,30,50,8,Family,Strategy
Saint Malo,6.011,6.45,2364,N/A,2012,1.90,2,5,45,45,9,Family,N/A
7 Ages,6.011,7.08,1055,N/A,2004,3.93,2,7,480,480,14,Strategy,N/A
Go Nuts for Donuts,6.011,6.43,2923,21.23,2017,1.10,2,6,20,20,8,Family,N/A
10 Days in Africa,6.01,6.57,2008,N/A,2003,1.38,2,4,20,30,10,Family,N/A
TAMSK,6.01,6.77,1404,N/A,1998,2.29,2,2,20,20,8,Abstract,N/A
History of the World,6.01,7.34,789,49.99,2018,2.56,3,6,120,180,14,Thematic,Wargames
Talon,6.009,7.44,804,N/A,2016,2.56,2,6,60,90,12,Wargames,N/A
Legendary: A James Bond Deck Building Game,6.009,7.75,626,N/A,2019,2.43,1,5,45,45,14,Thematic,N/A
Trekking the National Parks: Second Edition,6.009,7.02,1159,49.95,2018,1.71,2,5,30,60,10,Family,N/A
Skate Summer,6.009,7.37,780,43.84,2022,2.21,2,5,45,60,14,N/A,N/A
Everdell Farshore,6.008,7.97,564,90.00,2023,2.92,1,4,40,80,10,Family,N/A
Sword & Sorcery: Ancient Chronicles,6.008,8.36,614,90.95,2021,4.46,1,5,60,180,12,Thematic,N/A
First Orchard,6.008,6.72,1543,29.99,2009,1.00,1,4,10,10,2,Children's,N/A
Star Fluxx,6.007,6.31,5685,20.00,2011,1.42,2,6,10,40,8,Family,Party
Storm over Arnhem,6.007,7.2,915,N/A,1981,2.91,2,2,300,300,12,Wargames,N/A
Völuspá,6.007,6.62,1712,N/A,2012,1.95,2,5,45,45,10,Abstract,Family
Rook,6.007,6.42,2914,5.59,1906,1.86,2,6,45,45,8,Family,N/A
Darkest Night,6.007,7.06,1037,144.99,2012,2.80,1,4,150,150,13,Thematic,N/A
Gobblet,6.007,6.62,1878,29.99,2000,1.84,2,2,20,20,7,Abstract,N/A
Potato Man,6.007,6.85,1210,19.49,2013,1.41,2,5,40,40,10,Family,N/A
Escape the Room: Mystery at the Stargazer's Manor,6.006,6.56,1822,22.89,2015,1.64,3,8,90,90,10,Family,N/A
Caesar: Rome vs. Gaul,6.006,7.93,566,89.95,2020,3.26,2,2,120,240,12,Wargames,N/A
Last Light,6.006,7.48,713,N/A,2023,2.80,2,4,45,75,14,Strategy,N/A
Qwixx Deluxe,6.006,7.1,952,N/A,2016,1.20,2,8,20,20,8,N/A,N/A
Shadows: Amsterdam,6.006,6.59,1963,19.95,2018,1.24,2,8,20,20,10,Family,Party
Joking Hazard,6.006,6.28,5824,24.95,2016,1.02,3,10,30,90,18,Party,N/A
Key Market,6.005,7.37,727,N/A,2010,3.51,2,4,90,90,12,Strategy,N/A
Gorinto,6.005,7.24,914,34.43,2021,1.74,1,4,30,60,13,Abstract,N/A
Roll to the Top!,6.005,6.75,1436,N/A,2018,1.04,2,5,15,25,9,Family,N/A
City of the Great Machine,6.005,7.88,634,58.50,2023,3.64,1,4,60,90,14,Strategy,Thematic
Portobello Market,6.005,6.4,2636,N/A,2007,2.03,2,4,35,35,8,Family,Strategy
Monsters on Board,6.005,7.62,681,N/A,2022,2.80,1,4,45,60,12,Strategy,N/A
Lost Cities: Rivals,6.005,6.69,1515,14.95,2018,1.96,2,4,40,40,10,Family,N/A
After Us,6.004,6.81,1327,42.50,2023,2.08,1,6,40,60,12,N/A,N/A
Priests of Ra,6.004,6.8,1278,100.41,2009,2.24,2,5,60,60,12,Strategy,N/A
Star Wars: Destiny – Two-Player Game,6.004,7.06,1024,19.65,2017,2.33,2,2,30,30,10,N/A,N/A
Spaceteam,6.004,6.6,1942,27.95,2015,1.08,3,6,5,5,10,Party,N/A
Angola,6.003,8.04,529,N/A,1988,3.17,2,4,480,480,N/A,Wargames,N/A
1880: China,6.003,8.02,497,66.20,2010,4.19,3,7,300,300,13,Strategy,N/A
Valley of the Kings: Last Rites,6.003,7.37,730,19.99,2016,2.43,1,4,45,45,14,N/A,N/A
1848: Australia,6.003,7.92,516,N/A,2007,3.89,3,6,200,240,N/A,Strategy,N/A
Star Wars Villainous: Power of the Dark Side,6.003,7.19,1015,29.95,2022,2.37,2,4,50,50,10,N/A,N/A
Nimalia,6.002,7.26,824,19.99,2023,1.74,2,4,25,30,10,N/A,N/A
Tokaido Duo,6.002,7.45,721,24.96,2022,1.81,2,2,20,30,8,Family,N/A
Robin of Locksley,6.002,6.96,1092,N/A,2019,1.88,2,2,30,45,10,Family,N/A
Dungeon Command: Sting of Lolth,6.002,7.28,921,135.50,2012,2.62,2,2,90,90,12,Customizable,N/A
Monsterpocalypse,6.002,7.14,1001,N/A,2008,3.05,2,4,60,60,12,Customizable,N/A
Bolt Action,6.002,7.83,675,32.00,2012,2.78,2,6,120,120,12,Wargames,N/A
Axis & Allies: Pacific,6.002,6.66,1990,89.95,2001,2.88,2,3,240,240,12,Wargames,N/A
Solomon Kane,6.002,7.85,761,N/A,2021,3.16,1,5,60,120,N/A,Thematic,N/A
Clockwork Wars,6.001,7.54,682,N/A,2015,3.14,2,4,90,90,13,Strategy,N/A
Hoplomachus: Origins,6.001,7.6,667,N/A,2015,3.00,1,2,15,30,12,Strategy,N/A
Rangers of Shadow Deep,6.001,8.56,544,36.17,2018,2.29,1,4,60,120,12,Thematic,Wargames
Concept Kids: Animals,6.001,7.09,955,N/A,2018,1.21,2,12,20,20,4,Children's,N/A
Ivanhoe,6.0,6.53,1981,N/A,2000,1.61,2,5,40,45,10,Family,N/A
Industrial Waste,6.0,6.67,1543,N/A,2001,2.63,2,4,60,60,12,Strategy,N/A
Dojo Kun,6.0,6.91,1213,28.50,2015,2.71,1,4,60,90,13,Strategy,N/A
Atlantis,6.0,6.52,1997,N/A,2009,1.82,2,4,45,45,10,Family,N/A
Giganten,6.0,6.7,1428,N/A,1999,2.57,3,4,90,90,10,Strategy,N/A
God's Playground,5.999,7.38,727,N/A,2009,3.64,3,3,180,180,N/A,Strategy,N/A
Kokopelli,5.999,7.15,875,47.98,2021,2.03,2,4,40,60,12,Family,Strategy
Deep Blue,5.999,6.71,1536,N/A,2019,1.88,2,5,45,45,8,Family,N/A
Exit: The Game – The Stormy Flight,5.999,6.83,1250,17.95,2019,1.89,1,4,60,120,12,Thematic,N/A
KeyForge: Mass Mutation,5.998,7.86,583,N/A,2020,2.81,2,2,15,45,14,Customizable,Strategy
Carcassonne: The Discovery,5.998,6.48,2250,N/A,2005,1.93,2,5,30,30,8,Family,N/A
The Manhattan Project 2: Minutes to Midnight,5.998,7.31,781,59.95,2018,3.59,2,5,90,150,13,Strategy,N/A
Defenders of the Last Stand,5.998,7.44,713,N/A,2016,3.00,1,5,120,120,14,N/A,N/A
10 Days in the USA,5.997,6.48,2188,N/A,2003,1.40,2,4,30,30,10,Family,N/A
Shadowrun: Crossfire – Prime Runner Edition,5.997,7.63,665,59.64,2018,2.95,1,4,30,60,13,Thematic,N/A
Ghosts of Christmas,5.997,7.09,900,24.00,2019,2.22,3,4,40,40,8,Family,N/A
Herd Mentality,5.997,6.71,1527,23.99,2020,1.00,4,20,20,30,10,Party,N/A
Alice's Garden,5.996,7.18,915,N/A,2020,1.33,1,4,30,45,8,Family,N/A
La Famiglia: The Great Mafia War,5.996,8.01,589,77.99,2023,3.82,4,4,120,180,16,N/A,N/A
King & Assassins,5.996,6.84,1248,N/A,2013,1.84,2,2,30,30,10,Family,N/A
Secrets,5.996,6.45,2396,20.40,2017,1.49,4,8,15,35,10,Party,N/A
18Lilliput,5.996,7.09,910,N/A,2018,3.32,1,4,60,90,10,Strategy,N/A
MarraCash,5.996,6.91,1085,N/A,1996,2.17,3,4,60,60,12,Strategy,N/A
VivaJava: The Coffee Game,5.996,6.84,1150,N/A,2012,2.52,3,8,90,90,13,Strategy,N/A
Phoenicia,5.995,6.52,1910,24.95,2007,2.93,2,5,90,90,12,Strategy,N/A
Tiki Topple,5.995,6.47,2285,N/A,2008,1.29,2,4,20,20,10,Family,N/A
Terror Below,5.995,6.71,1542,36.98,2019,1.90,1,5,45,60,10,Thematic,N/A
Fuji,5.995,6.63,1767,N/A,2018,2.17,2,4,30,45,10,Family,N/A
Time's Up! Family,5.994,7.17,859,N/A,2010,1.11,4,12,30,30,8,Party,N/A
Riichi Mahjong,5.994,8.33,516,N/A,1920,3.47,3,4,60,120,8,Abstract,N/A
Word Slam,5.994,6.93,1094,N/A,2016,1.11,3,99,45,45,12,Party,N/A
Byzantium,5.994,6.79,1261,137.84,2005,3.45,2,4,120,180,13,Strategy,N/A
Slide Quest,5.994,6.61,1730,N/A,2019,1.19,1,4,15,45,7,Party,N/A
Tiny Epic Tactics,5.994,6.77,1532,23.16,2019,2.46,1,4,30,60,14,Strategy,N/A
Top Race,5.994,6.76,1328,N/A,1996,1.75,2,6,45,45,8,Family,Strategy
Darkest Night: Second Edition,5.994,7.56,709,N/A,2018,3.06,1,5,120,180,14,Thematic,N/A
Airships,5.993,6.36,2730,N/A,2007,1.86,2,4,45,60,10,Family,N/A
New World: A Carcassonne Game,5.993,6.47,2268,N/A,2008,2.05,2,5,45,45,8,Family,N/A
Colonial: Europe's Empires Overseas,5.993,7.13,974,40.50,2011,3.47,2,6,120,120,14,Strategy,Thematic
Detective: A Modern Crime Board Game – Season One,5.992,6.9,1138,21.00,2020,2.07,1,5,90,120,12,Thematic,N/A
Element,5.992,7.13,1017,N/A,2017,2.31,2,4,30,60,14,Abstract,N/A
Daimyo: Rebirth of the Empire,5.992,7.44,747,N/A,2021,3.15,1,4,60,90,14,N/A,N/A
Lucky Numbers,5.992,6.35,3111,13.99,2012,1.11,1,4,20,20,8,Abstract,N/A
Pagoda,5.992,6.63,1575,N/A,2014,1.88,2,2,30,45,8,Family,N/A
Ankh'or,5.992,6.91,1162,N/A,2019,1.68,2,4,30,30,8,Family,N/A
HeroClix,5.992,6.51,2537,7.95,2002,2.81,2,2,60,60,10,Customizable,N/A
Field Commander: Rommel,5.992,6.99,1063,N/A,2008,2.43,1,1,120,120,12,Wargames,N/A
Wings of Glory: WW1 Rules and Accessories Pack,5.991,7.98,609,N/A,2012,2.00,2,99,30,30,13,Wargames,N/A
The Fury of Dracula,5.99,6.93,1192,N/A,1987,2.60,2,4,180,180,12,Thematic,N/A
My Shelfie,5.99,6.57,1808,35.10,2022,1.44,2,4,30,30,8,Family,N/A
Winter Kingdom,5.99,7.37,719,59.94,2020,2.66,2,4,45,60,14,Strategy,N/A
Star Fleet Battles,5.99,6.89,1292,N/A,1979,4.17,2,2,180,180,12,Wargames,N/A
Wings of War: The Dawn of World War II,5.99,6.84,1277,N/A,2007,1.96,2,6,30,30,12,Wargames,N/A
The Battle at Kemble's Cascade,5.99,6.69,1485,N/A,2014,2.57,1,5,75,75,13,Thematic,N/A
Carcassonne: Over Hill and Dale,5.99,7.3,785,N/A,2015,1.93,2,5,35,35,7,Family,N/A
Undaunted: Battle of Britain,5.99,8.1,505,40.29,2023,2.50,2,2,45,60,14,Wargames,N/A
Patrician,5.989,6.64,1570,N/A,2007,1.92,2,5,50,50,10,Family,N/A
Progress: Evolution of Technology,5.989,6.52,1948,59.99,2014,2.43,1,5,45,90,12,Strategy,N/A
Voodoo Prince,5.989,7.03,928,N/A,2017,1.56,2,5,20,20,8,Family,N/A
Panzer Leader: Game of Tactical Warfare on the Western Front,5.989,6.69,1745,N/A,1974,3.11,2,2,90,90,12,Wargames,N/A
Wonder Book,5.989,7.63,679,76.61,2021,2.10,1,4,60,90,10,Family,N/A
Asking for Trobils,5.989,7.02,1010,45.00,2015,2.07,2,7,60,90,12,Family,N/A
Mistfall,5.988,6.64,1804,N/A,2015,3.95,1,4,120,120,14,Thematic,N/A
Power Plants,5.988,7.28,827,N/A,2022,2.44,1,5,30,30,8,Abstract,N/A
Framework,5.988,7.17,870,N/A,2022,1.77,1,4,30,30,8,N/A,N/A
Intrigue,5.988,6.37,2755,N/A,1994,1.94,3,5,45,45,14,Strategy,N/A
Best Treehouse Ever,5.987,6.5,1943,N/A,2015,1.38,2,4,20,20,8,Family,N/A
Stratego,5.987,6.13,15997,52.99,1946,1.85,2,2,45,45,8,Abstract,Family
Demeter,5.987,7.29,758,N/A,2020,2.33,1,100,15,15,14,N/A,N/A
Gift Trap,5.987,6.41,2641,N/A,2006,1.24,3,8,60,60,8,Party,N/A
Commands & Colors: Medieval,5.987,8.22,488,N/A,2019,2.52,2,2,60,120,12,Wargames,N/A
Maori,5.987,6.59,1612,N/A,2009,1.78,2,5,30,45,8,Family,Strategy
Merchants of the Middle Ages,5.986,6.72,1362,N/A,1999,3.01,2,4,120,120,10,Strategy,N/A
Deckscape: Behind the Curtain,5.986,6.9,1055,15.89,2019,1.87,1,6,60,60,12,Thematic,N/A
Heroes Wanted,5.986,6.73,1580,53.95,2014,2.61,1,5,45,45,13,Strategy,Thematic
Brotherhood & Unity,5.985,8.0,522,84.95,2020,2.95,2,3,120,240,14,Wargames,N/A
Raid on St. Nazaire,5.985,7.25,853,N/A,1987,3.04,1,1,180,180,12,Wargames,N/A
A Handful of Stars,5.985,7.28,790,N/A,2017,3.06,2,4,90,120,13,Strategy,N/A
Outpost,5.985,6.8,1212,N/A,1991,3.12,2,9,150,150,12,Strategy,N/A
DropMix,5.985,6.72,1559,179.88,2017,1.32,1,6,15,30,16,Party,N/A
Speed Circuit,5.985,6.9,1178,N/A,1971,2.05,2,6,120,120,12,Strategy,N/A
Epic Spell Wars of the Battle Wizards: Rumble at Castle Tentakill,5.984,6.55,2312,27.99,2015,1.63,2,6,30,45,15,Party,N/A
Pursuit of Glory,5.984,7.95,553,69.99,2008,3.93,2,2,360,360,14,Wargames,N/A
Greed Incorporated,5.984,6.96,967,N/A,2009,3.58,3,5,180,240,14,Strategy,N/A
Illimat,5.984,7.31,963,28.22,2017,2.06,2,4,15,60,12,Abstract,N/A
Queen's Necklace,5.983,6.4,2537,23.19,2003,1.90,2,4,30,45,8,Family,N/A
Import / Export,5.983,7.17,858,46.41,2017,3.21,2,6,45,90,8,Strategy,N/A
Sleeping Gods: Distant Skies,5.983,8.8,390,N/A,2023,2.77,1,4,60,600,13,Thematic,N/A
Flourish,5.982,6.78,1305,60.00,2021,1.87,1,7,20,60,8,Family,N/A
Divvy Dice,5.982,6.78,1243,24.48,2020,2.10,1,4,30,30,8,Family,N/A
Ubongo: Duel,5.982,6.83,1142,N/A,2008,1.78,2,2,15,40,8,Abstract,Family
Excape,5.982,6.47,2003,N/A,1998,1.14,2,6,30,30,8,Family,N/A
Escape from Atlantis,5.981,6.59,1777,N/A,1986,1.54,2,4,45,60,8,Family,N/A
Crossing,5.981,6.7,1490,N/A,2013,1.05,3,6,15,15,6,Party,N/A
Pacific War: The Struggle Against Japan 1941-1945,5.981,7.68,640,N/A,1985,4.55,2,2,60,6000,16,Wargames,N/A
Sherlock: Last Call,5.981,6.74,1292,N/A,2018,1.56,1,8,40,60,10,N/A,N/A
Return of the Heroes,5.981,6.49,2057,N/A,2003,2.36,1,4,90,90,10,Thematic,N/A
Africana,5.981,6.7,1400,89.99,2012,2.02,2,4,60,60,8,Family,N/A
Lost Cities: Roll & Write,5.981,7.04,936,N/A,2021,1.17,2,5,30,30,8,Family,N/A
Longhorn,5.981,6.54,1741,N/A,2013,1.76,2,2,15,15,8,Abstract,N/A
Under Falling Skies: A 9-Card Print-and-Play Game,5.981,7.37,777,N/A,2019,2.63,1,1,20,40,8,Strategy,N/A
Kerala: The Way of the Elephant,5.981,6.84,1140,N/A,2016,1.75,2,5,30,30,8,Family,N/A
Rising 5: Runes of Asteros,5.98,6.51,1861,37.95,2017,1.90,1,5,15,25,12,Family,Strategy
[kosmopoli:t],5.98,7.76,577,N/A,2020,1.29,4,8,6,6,10,Party,N/A
SteamRollers,5.98,6.56,1652,N/A,2015,2.12,1,5,30,45,10,Strategy,N/A
Phantom Leader: Deluxe Edition,5.98,8.05,539,96.29,2013,2.63,1,1,30,30,12,Wargames,N/A
Solar Storm,5.98,7.02,1076,N/A,2020,2.06,1,4,30,60,10,Thematic,N/A
Cavern Tavern,5.98,6.89,1208,44.95,2016,2.43,1,6,60,120,13,Strategy,N/A
The Mind Extreme,5.98,6.91,1124,N/A,2019,1.32,2,4,20,20,8,Family,N/A
Entdecker: Exploring New Horizons,5.98,6.49,2002,55.00,2001,2.44,2,4,90,90,10,Family,Strategy
Adventure Games: Monochrome Inc.,5.98,6.58,1692,17.66,2019,1.92,1,4,75,75,16,Thematic,N/A
Fjords,5.979,7.03,958,39.99,2022,1.47,2,4,30,45,8,Abstract,N/A
Axis & Allies: Europe,5.979,6.51,2553,99.99,1999,2.84,2,4,210,210,12,Wargames,N/A
The Capitals,5.979,6.89,1066,N/A,2013,3.51,2,5,120,120,13,Strategy,N/A
Medici: The Card Game,5.979,6.74,1277,N/A,2016,1.61,2,6,30,30,10,Family,N/A
Steam Works,5.979,6.81,1185,84.57,2015,3.15,2,5,90,120,12,Strategy,N/A
Dragon's Breath,5.979,6.58,1618,24.99,2017,1.07,2,4,15,20,5,Children's,N/A
Lux Aeterna,5.979,7.03,944,N/A,2019,2.00,1,1,6,15,10,Thematic,N/A
Vietnam 1965-1975,5.978,7.48,758,N/A,1984,4.31,2,2,360,6000,12,Wargames,N/A
Mord im Arosa,5.978,6.54,1771,N/A,2010,1.44,2,6,30,45,10,Family,N/A
Cruel Necessity: The English Civil Wars 1640-1653,5.978,7.4,727,N/A,2013,2.78,1,1,60,60,13,Wargames,N/A
Pelican Cove,5.978,6.76,1239,N/A,2011,1.81,1,5,30,30,8,Family,N/A
"Stalingrad '42: Southern Russia, June-December, 1942",5.978,8.43,467,N/A,2019,3.49,2,4,120,480,14,Wargames,N/A
Abracada...What?,5.978,6.56,1812,N/A,2014,1.66,2,5,30,30,7,Family,N/A
Glory: A Game of Knights,5.978,7.55,714,N/A,2021,2.88,1,4,45,120,14,Strategy,N/A
Barbarians: The Invasion,5.977,7.37,782,N/A,2018,3.20,1,4,90,90,14,Strategy,N/A
Formosa Tea,5.977,7.44,671,N/A,2019,3.39,2,4,40,90,12,N/A,N/A
Buffy the Vampire Slayer: The Game,5.977,6.61,1724,144.36,2000,2.01,2,5,90,90,12,Thematic,N/A
Hoplomachus: The Lost Cities,5.977,7.84,569,N/A,2012,2.54,1,3,60,60,12,Strategy,N/A
Escape: Zombie City,5.977,6.73,1367,N/A,2014,1.78,2,4,15,15,10,Family,N/A
Ships,5.976,6.83,1116,68.00,2015,3.53,2,4,120,120,13,Strategy,N/A
Unanimo,5.976,7.13,837,N/A,1990,1.15,3,8,30,30,10,Party,N/A
Pax Romana,5.976,7.41,717,129.95,2006,3.67,2,4,600,600,12,Wargames,N/A
D-Day at Tarawa,5.976,8.26,468,149.99,2014,3.73,1,1,120,420,N/A,Wargames,N/A
Saloon Tycoon,5.976,7.11,929,N/A,2016,2.26,2,4,30,60,13,Strategy,N/A
Battlestations,5.976,7.11,939,N/A,2004,3.40,2,8,240,240,12,Thematic,N/A
Legacy: Gears of Time,5.975,6.96,987,99.00,2012,2.83,2,4,60,60,13,Strategy,N/A
Cape May,5.975,7.25,783,35.27,2021,2.35,1,4,60,120,13,N/A,N/A
An Infamous Traffic,5.975,7.36,693,N/A,2016,3.52,2,5,45,90,14,Strategy,N/A
Before the Wind,5.975,6.63,1523,N/A,2007,2.59,2,4,75,75,10,Strategy,N/A
Hnefatafl,5.975,6.64,1602,N/A,400,2.52,2,2,20,20,7,Abstract,N/A
Rivet Wars: Eastern Front,5.974,7.02,1054,36.97,2014,2.40,2,2,30,30,14,Thematic,Wargames
Twisted Fables,5.974,7.84,617,N/A,2021,2.92,2,2,30,60,14,N/A,N/A
Vienna Connection,5.974,7.27,794,33.95,2021,2.00,1,5,120,180,16,Thematic,N/A
Scooby-Doo: Escape from the Haunted Mansion,5.974,7.18,830,22.98,2020,1.89,1,99,60,120,12,Thematic,N/A
Panzergruppe Guderian,5.974,7.37,756,N/A,1976,2.80,2,2,180,300,14,Wargames,N/A
1861: The Railways of the Russian Empire,5.974,7.48,635,N/A,2006,4.20,3,6,180,360,12,Strategy,N/A
Silver Bullet,5.974,7.33,721,N/A,2019,1.73,2,4,30,60,8,Family,N/A
Hoplomachus: Remastered,5.974,8.14,482,159.95,2023,2.93,1,4,60,60,14,Strategy,N/A
Quacks & Co.: Quedlinburg Dash,5.973,7.35,722,29.99,2022,1.22,2,4,25,25,6,Children's,Family
Patchwork Express,5.973,6.96,1011,22.99,2018,1.58,2,2,10,10,6,N/A,N/A
Remember Our Trip,5.973,7.36,688,N/A,2019,2.11,2,4,30,30,10,N/A,N/A
Camp Grizzly,5.972,7.51,800,N/A,2013,2.00,1,6,60,60,14,Thematic,N/A
Dungeons & Dragons: Tomb of Annihilation Board Game,5.972,7.6,748,N/A,2017,2.38,1,5,60,60,14,Strategy,N/A
Field Commander: Alexander,5.972,7.1,885,N/A,2009,2.31,1,1,90,90,12,Wargames,N/A
Bazaar,5.972,6.52,1787,N/A,1967,2.03,2,6,45,45,8,Abstract,Family
Harvest,5.972,7.06,931,N/A,2017,2.53,2,4,30,75,14,Strategy,N/A
Aqua Garden,5.972,7.42,721,N/A,2021,2.14,1,4,40,60,15,Family,N/A
Crystal Clans,5.971,6.92,1074,N/A,2018,2.52,2,2,30,60,14,Strategy,N/A
Rats of Wistar,5.971,7.61,587,N/A,2023,3.29,1,4,90,90,13,N/A,N/A
Kuhhandel Master,5.971,6.71,1385,N/A,2009,1.83,2,6,60,60,10,Family,N/A
